RaceKey,Year,Round,RaceDate,GrandPrix,GrandPrixShort,GrandPrixAbbr,OfficialName,CircuitId,Circuit,CircuitFullName,CountryId,Country,CountryCode,Laps,DistanceKm,CourseLengthKm,Turns,CircuitType,Direction,HasSprint,IsRun,IsClassicCircuit,RaceLabel,RoundLabel,SortKey,TitleDecider
898,2014,1,2014-03-16,Australia,Australian GP,AUS,2014 Formula 1 Rolex Australian Grand Prix,melbourne,Melbourne,Melbourne Grand Prix Circuit,australia,Australia,AU,57,302.271,5.303,16,Street,Clockwise,0,1,1,2014 · Australian GP,R01,201401,0
899,2014,2,2014-03-30,Malaysia,Malaysian GP,MYS,2014 Formula 1 Petronas Malaysia Grand Prix,sepang,Sepang,Sepang International Circuit,malaysia,Malaysia,MY,56,310.408,5.543,15,Race,Clockwise,0,1,0,2014 · Malaysian GP,R02,201402,0
900,2014,3,2014-04-06,Bahrain,Bahrain GP,BHR,2014 Formula 1 Gulf Air Bahrain Grand Prix,bahrain,Bahrain,Bahrain International Circuit,bahrain,Bahrain,BH,57,308.238,5.412,15,Race,Clockwise,0,1,0,2014 · Bahrain GP,R03,201403,0
901,2014,4,2014-04-20,China,Chinese GP,CHN,2014 Formula 1 UBS Chinese Grand Prix,shanghai,Shanghai,Shanghai International Circuit,china,China,CN,54,294.164,5.451,16,Race,Clockwise,0,1,0,2014 · Chinese GP,R04,201404,0
902,2014,5,2014-05-11,Spain,Spanish GP,ESP,Formula 1 Gran Premio de España Pirelli 2014,catalunya,Catalunya,Circuit de Barcelona-Catalunya,spain,Spain,ES,66,307.104,4.655,16,Race,Clockwise,0,1,1,2014 · Spanish GP,R05,201405,0
903,2014,6,2014-05-25,Monaco,Monaco GP,MCO,Formula 1 Grand Prix de Monaco 2014,monaco,Monaco,Circuit de Monaco,monaco,Monaco,MC,78,260.52,3.34,19,Street,Clockwise,0,1,1,2014 · Monaco GP,R06,201406,0
904,2014,7,2014-06-08,Canada,Canadian GP,CAN,Formula 1 Grand Prix du Canada 2014,montreal,Gilles Villeneuve,Circuit Gilles Villeneuve,canada,Canada,CA,70,305.27,4.361,14,Street,Clockwise,0,1,1,2014 · Canadian GP,R07,201407,0
905,2014,8,2014-06-22,Austria,Austrian GP,AUT,Formula 1 DHL Grosser Preis Von Österreich 2014,spielberg,Red Bull Ring,Red Bull Ring,austria,Austria,AT,71,307.146,4.326,10,Race,Clockwise,0,1,0,2014 · Austrian GP,R08,201408,0
906,2014,9,2014-07-06,Great Britain,British GP,GBR,2014 Formula 1 Santander British Grand Prix,silverstone,Silverstone,Silverstone Circuit,united-kingdom,United Kingdom,GB,52,306.198,5.891,18,Race,Clockwise,0,1,1,2014 · British GP,R09,201409,0
907,2014,10,2014-07-20,Germany,German GP,DEU,Formula 1 Grosser Preis Santander von Deutschland 2014,hockenheimring,Hockenheimring,Hockenheimring,germany,Germany,DE,67,306.458,4.574,17,Race,Clockwise,0,1,0,2014 · German GP,R10,201410,0
908,2014,11,2014-07-27,Hungary,Hungarian GP,HUN,Formula 1 Pirelli Magyar Nagydíj 2014,hungaroring,Hungaroring,Hungaroring,hungary,Hungary,HU,70,306.63,4.381,14,Race,Clockwise,0,1,1,2014 · Hungarian GP,R11,201411,0
909,2014,12,2014-08-24,Belgium,Belgian GP,BEL,2014 Formula 1 Shell Belgian Grand Prix,spa-francorchamps,Spa-Francorchamps,Circuit de Spa-Francorchamps,belgium,Belgium,BE,44,308.052,7.004,19,Race,Clockwise,0,1,1,2014 · Belgian GP,R12,201412,0
910,2014,13,2014-09-07,Italy,Italian GP,ITA,Formula 1 Gran Premio d'Italia 2014,monza,Monza,Autodromo Nazionale Monza,italy,Italy,IT,53,306.72,5.793,11,Race,Clockwise,0,1,1,2014 · Italian GP,R13,201413,0
911,2014,14,2014-09-21,Singapore,Singapore GP,SGP,2014 Formula 1 Singapore Airlines Singapore Grand Prix,marina-bay,Marina Bay,Marina Bay Street Circuit,singapore,Singapore,SG,60,303.763,5.065,23,Street,Anti_Clockwise,0,1,0,2014 · Singapore GP,R14,201414,0
912,2014,15,2014-10-05,Japan,Japanese GP,JPN,2014 Formula 1 Japanese Grand Prix,suzuka,Suzuka,Suzuka Circuit,japan,Japan,JP,44,255.208,5.807,18,Race,Clockwise,0,1,1,2014 · Japanese GP,R15,201415,0
913,2014,16,2014-10-12,Russia,Russian GP,RUS,2014 Formula 1 Russian Grand Prix,sochi,Sochi,Sochi Autodrom,russia,Russia,RU,53,309.745,5.848,18,Road,Clockwise,0,1,0,2014 · Russian GP,R16,201416,0
914,2014,17,2014-11-02,United States,United States GP,USA,2014 Formula 1 United States Grand Prix,austin,Americas,Circuit of the Americas,united-states-of-america,United States of America,US,56,308.405,5.513,20,Race,Anti_Clockwise,0,1,0,2014 · United States GP,R17,201417,0
915,2014,18,2014-11-09,Brazil,Brazilian GP,BRA,Formula 1 Grande Prêmio Petrobras do Brasil 2014,interlagos,José Carlos Pace,Autódromo José Carlos Pace,brazil,Brazil,BR,71,305.909,4.309,15,Race,Anti_Clockwise,0,1,1,2014 · Brazilian GP,R18,201418,0
916,2014,19,2014-11-23,Abu Dhabi,Abu Dhabi GP,ABD,2014 Formula 1 Etihad Airways Abu Dhabi Grand Prix,yas-marina,Yas Marina,Yas Marina Circuit,united-arab-emirates,United Arab Emirates,AE,55,305.355,5.554,21,Race,Anti_Clockwise,0,1,0,2014 · Abu Dhabi GP,R19,201419,1
917,2015,1,2015-03-15,Australia,Australian GP,AUS,2015 Formula 1 Rolex Australian Grand Prix,melbourne,Melbourne,Melbourne Grand Prix Circuit,australia,Australia,AU,58,307.574,5.303,16,Street,Clockwise,0,1,1,2015 · Australian GP,R01,201501,0
918,2015,2,2015-03-29,Malaysia,Malaysian GP,MYS,2015 Formula 1 Petronas Malaysia Grand Prix,sepang,Sepang,Sepang International Circuit,malaysia,Malaysia,MY,56,310.408,5.543,15,Race,Clockwise,0,1,0,2015 · Malaysian GP,R02,201502,0
919,2015,3,2015-04-12,China,Chinese GP,CHN,2015 Formula 1 Chinese Grand Prix,shanghai,Shanghai,Shanghai International Circuit,china,China,CN,56,305.066,5.451,16,Race,Clockwise,0,1,0,2015 · Chinese GP,R03,201503,0
920,2015,4,2015-04-19,Bahrain,Bahrain GP,BHR,2015 Formula 1 Gulf Air Bahrain Grand Prix,bahrain,Bahrain,Bahrain International Circuit,bahrain,Bahrain,BH,57,308.238,5.412,15,Race,Clockwise,0,1,0,2015 · Bahrain GP,R04,201504,0
921,2015,5,2015-05-10,Spain,Spanish GP,ESP,Formula 1 Gran Premio de España Pirelli 2015,catalunya,Catalunya,Circuit de Barcelona-Catalunya,spain,Spain,ES,66,307.104,4.655,16,Race,Clockwise,0,1,1,2015 · Spanish GP,R05,201505,0
922,2015,6,2015-05-24,Monaco,Monaco GP,MCO,Formula 1 Grand Prix de Monaco 2015,monaco,Monaco,Circuit de Monaco,monaco,Monaco,MC,78,260.286,3.337,19,Street,Clockwise,0,1,1,2015 · Monaco GP,R06,201506,0
923,2015,7,2015-06-07,Canada,Canadian GP,CAN,Formula 1 Grand Prix du Canada 2015,montreal,Gilles Villeneuve,Circuit Gilles Villeneuve,canada,Canada,CA,70,305.27,4.361,14,Street,Clockwise,0,1,1,2015 · Canadian GP,R07,201507,0
924,2015,8,2015-06-21,Austria,Austrian GP,AUT,Formula 1 Rolex Grosser Preis von Österreich 2015,spielberg,Red Bull Ring,Red Bull Ring,austria,Austria,AT,71,307.146,4.326,10,Race,Clockwise,0,1,0,2015 · Austrian GP,R08,201508,0
925,2015,9,2015-07-05,Great Britain,British GP,GBR,2015 Formula 1 British Grand Prix,silverstone,Silverstone,Silverstone Circuit,united-kingdom,United Kingdom,GB,52,306.198,5.891,18,Race,Clockwise,0,1,1,2015 · British GP,R09,201509,0
926,2015,10,2015-07-26,Hungary,Hungarian GP,HUN,Formula 1 Pirelli Magyar Nagydíj 2015,hungaroring,Hungaroring,Hungaroring,hungary,Hungary,HU,69,302.249,4.381,14,Race,Clockwise,0,1,1,2015 · Hungarian GP,R10,201510,0
927,2015,11,2015-08-23,Belgium,Belgian GP,BEL,2015 Formula 1 Shell Belgian Grand Prix,spa-francorchamps,Spa-Francorchamps,Circuit de Spa-Francorchamps,belgium,Belgium,BE,43,301.048,7.004,19,Race,Clockwise,0,1,1,2015 · Belgian GP,R11,201511,0
928,2015,12,2015-09-06,Italy,Italian GP,ITA,Formula 1 Gran Premio d'Italia 2015,monza,Monza,Autodromo Nazionale Monza,italy,Italy,IT,53,306.72,5.793,11,Race,Clockwise,0,1,1,2015 · Italian GP,R12,201512,0
929,2015,13,2015-09-20,Singapore,Singapore GP,SGP,2015 Formula 1 Singapore Airlines Singapore Grand Prix,marina-bay,Marina Bay,Marina Bay Street Circuit,singapore,Singapore,SG,61,308.828,5.065,23,Street,Anti_Clockwise,0,1,0,2015 · Singapore GP,R13,201513,0
930,2015,14,2015-09-27,Japan,Japanese GP,JPN,2015 Formula 1 Japanese Grand Prix,suzuka,Suzuka,Suzuka Circuit,japan,Japan,JP,53,307.471,5.807,18,Race,Clockwise,0,1,1,2015 · Japanese GP,R14,201514,0
931,2015,15,2015-10-11,Russia,Russian GP,RUS,2015 Formula 1 Russian Grand Prix,sochi,Sochi,Sochi Autodrom,russia,Russia,RU,53,309.745,5.848,18,Road,Clockwise,0,1,0,2015 · Russian GP,R15,201515,0
932,2015,16,2015-10-25,United States,United States GP,USA,2015 Formula 1 United States Grand Prix,austin,Americas,Circuit of the Americas,united-states-of-america,United States of America,US,56,308.405,5.513,20,Race,Anti_Clockwise,0,1,0,2015 · United States GP,R16,201516,1
933,2015,17,2015-11-01,Mexico,Mexican GP,MEX,Formula 1 Gran Premio de México 2015,mexico-city,Hermanos Rodríguez,Autódromo Hermanos Rodríguez,mexico,Mexico,MX,71,305.354,4.304,17,Race,Clockwise,0,1,0,2015 · Mexican GP,R17,201517,0
934,2015,18,2015-11-15,Brazil,Brazilian GP,BRA,Formula 1 Grande Prêmio Petrobras do Brasil 2015,interlagos,José Carlos Pace,Autódromo José Carlos Pace,brazil,Brazil,BR,71,305.909,4.309,15,Race,Anti_Clockwise,0,1,1,2015 · Brazilian GP,R18,201518,0
935,2015,19,2015-11-29,Abu Dhabi,Abu Dhabi GP,ABD,2015 Formula 1 Etihad Airways Abu Dhabi Grand Prix,yas-marina,Yas Marina,Yas Marina Circuit,united-arab-emirates,United Arab Emirates,AE,55,305.355,5.554,21,Race,Anti_Clockwise,0,1,0,2015 · Abu Dhabi GP,R19,201519,0
936,2016,1,2016-03-20,Australia,Australian GP,AUS,2016 Formula 1 Rolex Australian Grand Prix,melbourne,Melbourne,Melbourne Grand Prix Circuit,australia,Australia,AU,57,302.271,5.303,16,Street,Clockwise,0,1,1,2016 · Australian GP,R01,201601,0
937,2016,2,2016-04-03,Bahrain,Bahrain GP,BHR,2016 Formula 1 Gulf Air Bahrain Grand Prix,bahrain,Bahrain,Bahrain International Circuit,bahrain,Bahrain,BH,57,308.238,5.412,15,Race,Clockwise,0,1,0,2016 · Bahrain GP,R02,201602,0
938,2016,3,2016-04-17,China,Chinese GP,CHN,2016 Formula 1 Pirelli Chinese Grand Prix,shanghai,Shanghai,Shanghai International Circuit,china,China,CN,56,305.066,5.451,16,Race,Clockwise,0,1,0,2016 · Chinese GP,R03,201603,0
939,2016,4,2016-05-01,Russia,Russian GP,RUS,2016 Formula 1 Russian Grand Prix,sochi,Sochi,Sochi Autodrom,russia,Russia,RU,53,309.745,5.848,18,Road,Clockwise,0,1,0,2016 · Russian GP,R04,201604,0
940,2016,5,2016-05-15,Spain,Spanish GP,ESP,Formula 1 Gran Premio de España Pirelli 2016,catalunya,Catalunya,Circuit de Barcelona-Catalunya,spain,Spain,ES,66,307.104,4.655,16,Race,Clockwise,0,1,1,2016 · Spanish GP,R05,201605,0
941,2016,6,2016-05-29,Monaco,Monaco GP,MCO,Formula 1 Grand Prix de Monaco 2016,monaco,Monaco,Circuit de Monaco,monaco,Monaco,MC,78,260.286,3.337,19,Street,Clockwise,0,1,1,2016 · Monaco GP,R06,201606,0
942,2016,7,2016-06-12,Canada,Canadian GP,CAN,Formula 1 Grand Prix du Canada 2016,montreal,Gilles Villeneuve,Circuit Gilles Villeneuve,canada,Canada,CA,70,305.27,4.361,14,Street,Clockwise,0,1,1,2016 · Canadian GP,R07,201607,0
943,2016,8,2016-06-19,Europe,European GP,EUR,Formula 1 Rolex Grand Prix of Europe 2016,baku,Baku,Baku City Circuit,azerbaijan,Azerbaijan,AZ,51,306.153,6.003,20,Street,Anti_Clockwise,0,1,0,2016 · European GP,R08,201608,0
944,2016,9,2016-07-03,Austria,Austrian GP,AUT,Formula 1 Pirelli Grosser Preis von Österreich 2016,spielberg,Red Bull Ring,Red Bull Ring,austria,Austria,AT,71,307.146,4.326,10,Race,Clockwise,0,1,0,2016 · Austrian GP,R09,201609,0
945,2016,10,2016-07-10,Great Britain,British GP,GBR,2016 Formula 1 British Grand Prix,silverstone,Silverstone,Silverstone Circuit,united-kingdom,United Kingdom,GB,52,306.198,5.891,18,Race,Clockwise,0,1,1,2016 · British GP,R10,201610,0
946,2016,11,2016-07-24,Hungary,Hungarian GP,HUN,Formula 1 Magyar Nagydíj 2016,hungaroring,Hungaroring,Hungaroring,hungary,Hungary,HU,70,306.63,4.381,14,Race,Clockwise,0,1,1,2016 · Hungarian GP,R11,201611,0
947,2016,12,2016-07-31,Germany,German GP,DEU,Formula 1 Grosser Preis von Deutschland 2016,hockenheimring,Hockenheimring,Hockenheimring,germany,Germany,DE,67,306.458,4.574,17,Race,Clockwise,0,1,0,2016 · German GP,R12,201612,0
948,2016,13,2016-08-28,Belgium,Belgian GP,BEL,2016 Formula 1 Belgian Grand Prix,spa-francorchamps,Spa-Francorchamps,Circuit de Spa-Francorchamps,belgium,Belgium,BE,44,308.052,7.004,19,Race,Clockwise,0,1,1,2016 · Belgian GP,R13,201613,0
949,2016,14,2016-09-04,Italy,Italian GP,ITA,Formula 1 Gran Premio Heineken d'Italia 2016,monza,Monza,Autodromo Nazionale Monza,italy,Italy,IT,53,306.72,5.793,11,Race,Clockwise,0,1,1,2016 · Italian GP,R14,201614,0
950,2016,15,2016-09-18,Singapore,Singapore GP,SGP,2016 Formula 1 Singapore Airlines Singapore Grand Prix,marina-bay,Marina Bay,Marina Bay Street Circuit,singapore,Singapore,SG,61,308.828,5.065,23,Street,Anti_Clockwise,0,1,0,2016 · Singapore GP,R15,201615,0
951,2016,16,2016-10-02,Malaysia,Malaysian GP,MYS,2016 Formula 1 Petronas Malaysia Grand Prix,sepang,Sepang,Sepang International Circuit,malaysia,Malaysia,MY,56,310.408,5.543,15,Race,Clockwise,0,1,0,2016 · Malaysian GP,R16,201616,0
952,2016,17,2016-10-09,Japan,Japanese GP,JPN,2016 Formula 1 Emirates Japanese Grand Prix,suzuka,Suzuka,Suzuka Circuit,japan,Japan,JP,53,307.471,5.807,18,Race,Clockwise,0,1,1,2016 · Japanese GP,R17,201617,0
953,2016,18,2016-10-23,United States,United States GP,USA,2016 Formula 1 United States Grand Prix,austin,Americas,Circuit of the Americas,united-states-of-america,United States of America,US,56,308.405,5.513,20,Race,Anti_Clockwise,0,1,0,2016 · United States GP,R18,201618,0
954,2016,19,2016-10-30,Mexico,Mexican GP,MEX,Formula 1 Gran Premio de México 2016,mexico-city,Hermanos Rodríguez,Autódromo Hermanos Rodríguez,mexico,Mexico,MX,71,305.354,4.304,17,Race,Clockwise,0,1,0,2016 · Mexican GP,R19,201619,0
955,2016,20,2016-11-13,Brazil,Brazilian GP,BRA,Formula 1 Grande Prêmio do Brasil 2016,interlagos,José Carlos Pace,Autódromo José Carlos Pace,brazil,Brazil,BR,71,305.909,4.309,15,Race,Anti_Clockwise,0,1,1,2016 · Brazilian GP,R20,201620,0
956,2016,21,2016-11-27,Abu Dhabi,Abu Dhabi GP,ABD,2016 Formula 1 Etihad Airways Abu Dhabi Grand Prix,yas-marina,Yas Marina,Yas Marina Circuit,united-arab-emirates,United Arab Emirates,AE,55,305.355,5.554,21,Race,Anti_Clockwise,0,1,0,2016 · Abu Dhabi GP,R21,201621,1
957,2017,1,2017-03-26,Australia,Australian GP,AUS,2017 Formula 1 Rolex Australian Grand Prix,melbourne,Melbourne,Melbourne Grand Prix Circuit,australia,Australia,AU,57,302.271,5.303,16,Street,Clockwise,0,1,1,2017 · Australian GP,R01,201701,0
958,2017,2,2017-04-09,China,Chinese GP,CHN,2017 Formula 1 Heineken Chinese Grand Prix,shanghai,Shanghai,Shanghai International Circuit,china,China,CN,56,305.066,5.451,16,Race,Clockwise,0,1,0,2017 · Chinese GP,R02,201702,0
959,2017,3,2017-04-16,Bahrain,Bahrain GP,BHR,2017 Formula 1 Gulf Air Bahrain Grand Prix,bahrain,Bahrain,Bahrain International Circuit,bahrain,Bahrain,BH,57,308.238,5.412,15,Race,Clockwise,0,1,0,2017 · Bahrain GP,R03,201703,0
960,2017,4,2017-04-30,Russia,Russian GP,RUS,2017 Formula 1 VTB Russian Grand Prix,sochi,Sochi,Sochi Autodrom,russia,Russia,RU,52,303.897,5.848,18,Road,Clockwise,0,1,0,2017 · Russian GP,R04,201704,0
961,2017,5,2017-05-14,Spain,Spanish GP,ESP,Formula 1 Gran Premio de España Pirelli 2017,catalunya,Catalunya,Circuit de Barcelona-Catalunya,spain,Spain,ES,66,307.104,4.655,16,Race,Clockwise,0,1,1,2017 · Spanish GP,R05,201705,0
962,2017,6,2017-05-28,Monaco,Monaco GP,MCO,Formula 1 Grand Prix de Monaco 2017,monaco,Monaco,Circuit de Monaco,monaco,Monaco,MC,78,260.286,3.337,19,Street,Clockwise,0,1,1,2017 · Monaco GP,R06,201706,0
963,2017,7,2017-06-11,Canada,Canadian GP,CAN,Formula 1 Grand Prix du Canada 2017,montreal,Gilles Villeneuve,Circuit Gilles Villeneuve,canada,Canada,CA,70,305.27,4.361,14,Street,Clockwise,0,1,1,2017 · Canadian GP,R07,201707,0
964,2017,8,2017-06-25,Azerbaijan,Azerbaijan GP,AZE,Formula 1 FlyEmirates Azerbaijan Grand Prix 2017,baku,Baku,Baku City Circuit,azerbaijan,Azerbaijan,AZ,51,306.049,6.003,20,Street,Anti_Clockwise,0,1,0,2017 · Azerbaijan GP,R08,201708,0
965,2017,9,2017-07-09,Austria,Austrian GP,AUT,Formula 1 FlyEmirates Grosser Preis von Österreich 2017,spielberg,Red Bull Ring,Red Bull Ring,austria,Austria,AT,71,306.452,4.318,10,Race,Clockwise,0,1,0,2017 · Austrian GP,R09,201709,0
966,2017,10,2017-07-16,Great Britain,British GP,GBR,2017 Formula 1 Rolex British Grand Prix,silverstone,Silverstone,Silverstone Circuit,united-kingdom,United Kingdom,GB,51,300.307,5.891,18,Race,Clockwise,0,1,1,2017 · British GP,R10,201710,0
967,2017,11,2017-07-30,Hungary,Hungarian GP,HUN,Formula 1 Pirelli Magyar Nagydíj 2017,hungaroring,Hungaroring,Hungaroring,hungary,Hungary,HU,70,306.63,4.381,14,Race,Clockwise,0,1,1,2017 · Hungarian GP,R11,201711,0
968,2017,12,2017-08-27,Belgium,Belgian GP,BEL,2017 Formula 1 Pirelli Belgian Grand Prix,spa-francorchamps,Spa-Francorchamps,Circuit de Spa-Francorchamps,belgium,Belgium,BE,44,308.052,7.004,19,Race,Clockwise,0,1,1,2017 · Belgian GP,R12,201712,0
969,2017,13,2017-09-03,Italy,Italian GP,ITA,Formula 1 Gran Premio Heineken d'Italia 2017,monza,Monza,Autodromo Nazionale Monza,italy,Italy,IT,53,306.72,5.793,11,Race,Clockwise,0,1,1,2017 · Italian GP,R13,201713,0
970,2017,14,2017-09-17,Singapore,Singapore GP,SGP,2017 Formula 1 Singapore Airlines Singapore Grand Prix,marina-bay,Marina Bay,Marina Bay Street Circuit,singapore,Singapore,SG,58,293.633,5.065,23,Street,Anti_Clockwise,0,1,0,2017 · Singapore GP,R14,201714,0
971,2017,15,2017-10-01,Malaysia,Malaysian GP,MYS,2017 Formula 1 Petronas Malaysia Grand Prix,sepang,Sepang,Sepang International Circuit,malaysia,Malaysia,MY,56,310.408,5.543,15,Race,Clockwise,0,1,0,2017 · Malaysian GP,R15,201715,0
972,2017,16,2017-10-08,Japan,Japanese GP,JPN,2017 Formula 1 Japanese Grand Prix,suzuka,Suzuka,Suzuka Circuit,japan,Japan,JP,53,307.471,5.807,18,Race,Clockwise,0,1,1,2017 · Japanese GP,R16,201716,0
973,2017,17,2017-10-22,United States,United States GP,USA,2017 Formula 1 United States Grand Prix,austin,Americas,Circuit of the Americas,united-states-of-america,United States of America,US,56,308.405,5.513,20,Race,Anti_Clockwise,0,1,0,2017 · United States GP,R17,201717,0
974,2017,18,2017-10-29,Mexico,Mexican GP,MEX,Formula 1 Gran Premio de México 2017,mexico-city,Hermanos Rodríguez,Autódromo Hermanos Rodríguez,mexico,Mexico,MX,71,305.354,4.304,17,Race,Clockwise,0,1,0,2017 · Mexican GP,R18,201718,1
975,2017,19,2017-11-12,Brazil,Brazilian GP,BRA,Formula 1 Grande Prêmio Heineken do Brasil 2017,interlagos,José Carlos Pace,Autódromo José Carlos Pace,brazil,Brazil,BR,71,305.909,4.309,15,Race,Anti_Clockwise,0,1,1,2017 · Brazilian GP,R19,201719,0
976,2017,20,2017-11-26,Abu Dhabi,Abu Dhabi GP,ABD,2017 Formula 1 Etihad Airways Abu Dhabi Grand Prix,yas-marina,Yas Marina,Yas Marina Circuit,united-arab-emirates,United Arab Emirates,AE,55,305.355,5.554,21,Race,Anti_Clockwise,0,1,0,2017 · Abu Dhabi GP,R20,201720,0
977,2018,1,2018-03-25,Australia,Australian GP,AUS,Formula 1 2018 Rolex Australian Grand Prix,melbourne,Melbourne,Melbourne Grand Prix Circuit,australia,Australia,AU,58,307.574,5.303,16,Street,Clockwise,0,1,1,2018 · Australian GP,R01,201801,0
978,2018,2,2018-04-08,Bahrain,Bahrain GP,BHR,Formula 1 2018 Gulf Air Bahrain Grand Prix,bahrain,Bahrain,Bahrain International Circuit,bahrain,Bahrain,BH,57,308.238,5.412,15,Race,Clockwise,0,1,0,2018 · Bahrain GP,R02,201802,0
979,2018,3,2018-04-15,China,Chinese GP,CHN,Formula 1 2018 Heineken Chinese Grand Prix,shanghai,Shanghai,Shanghai International Circuit,china,China,CN,56,305.066,5.451,16,Race,Clockwise,0,1,0,2018 · Chinese GP,R03,201803,0
980,2018,4,2018-04-29,Azerbaijan,Azerbaijan GP,AZE,Formula 1 2018 Rolex Azerbaijan Grand Prix,baku,Baku,Baku City Circuit,azerbaijan,Azerbaijan,AZ,51,306.049,6.003,20,Street,Anti_Clockwise,0,1,0,2018 · Azerbaijan GP,R04,201804,0
981,2018,5,2018-05-13,Spain,Spanish GP,ESP,Formula 1 Gran Premio de España Emirates 2018,catalunya,Catalunya,Circuit de Barcelona-Catalunya,spain,Spain,ES,66,307.104,4.655,16,Race,Clockwise,0,1,1,2018 · Spanish GP,R05,201805,0
982,2018,6,2018-05-27,Monaco,Monaco GP,MCO,Formula 1 Grand Prix de Monaco 2018,monaco,Monaco,Circuit de Monaco,monaco,Monaco,MC,78,260.286,3.337,19,Street,Clockwise,0,1,1,2018 · Monaco GP,R06,201806,0
983,2018,7,2018-06-10,Canada,Canadian GP,CAN,Formula 1 Grand Prix Heineken du Canada 2018,montreal,Gilles Villeneuve,Circuit Gilles Villeneuve,canada,Canada,CA,68,296.548,4.361,14,Street,Clockwise,0,1,1,2018 · Canadian GP,R07,201807,0
984,2018,8,2018-06-24,France,French GP,FRA,Formula 1 Pirelli Grand Prix de France 2018,paul-ricard,Paul Ricard,Circuit Paul Ricard,france,France,FR,53,309.69,5.842,15,Race,Clockwise,0,1,1,2018 · French GP,R08,201808,0
985,2018,9,2018-07-01,Austria,Austrian GP,AUT,Formula 1 Eyetime Grosser Preis von Österreich 2018,spielberg,Red Bull Ring,Red Bull Ring,austria,Austria,AT,71,306.452,4.318,10,Race,Clockwise,0,1,0,2018 · Austrian GP,R09,201809,0
986,2018,10,2018-07-08,Great Britain,British GP,GBR,Formula 1 2018 Rolex British Grand Prix,silverstone,Silverstone,Silverstone Circuit,united-kingdom,United Kingdom,GB,52,306.198,5.891,18,Race,Clockwise,0,1,1,2018 · British GP,R10,201810,0
987,2018,11,2018-07-22,Germany,German GP,DEU,Formula 1 Emirates Grosser Preis von Deutschland 2018,hockenheimring,Hockenheimring,Hockenheimring,germany,Germany,DE,67,306.458,4.574,17,Race,Clockwise,0,1,0,2018 · German GP,R11,201811,0
988,2018,12,2018-07-29,Hungary,Hungarian GP,HUN,Formula 1 Rolex Magyar Nagydíj 2018,hungaroring,Hungaroring,Hungaroring,hungary,Hungary,HU,70,306.63,4.381,14,Race,Clockwise,0,1,1,2018 · Hungarian GP,R12,201812,0
989,2018,13,2018-08-26,Belgium,Belgian GP,BEL,Formula 1 2018 Johnnie Walker Belgian Grand Prix,spa-francorchamps,Spa-Francorchamps,Circuit de Spa-Francorchamps,belgium,Belgium,BE,44,308.052,7.004,19,Race,Clockwise,0,1,1,2018 · Belgian GP,R13,201813,0
990,2018,14,2018-09-02,Italy,Italian GP,ITA,Formula 1 Gran Premio Heineken d'Italia 2018,monza,Monza,Autodromo Nazionale Monza,italy,Italy,IT,53,306.72,5.793,11,Race,Clockwise,0,1,1,2018 · Italian GP,R14,201814,0
991,2018,15,2018-09-16,Singapore,Singapore GP,SGP,Formula 1 2018 Singapore Airlines Singapore Grand Prix,marina-bay,Marina Bay,Marina Bay Street Circuit,singapore,Singapore,SG,61,308.706,5.063,23,Street,Anti_Clockwise,0,1,0,2018 · Singapore GP,R15,201815,0
992,2018,16,2018-09-30,Russia,Russian GP,RUS,Formula 1 2018 VTB Russian Grand Prix,sochi,Sochi,Sochi Autodrom,russia,Russia,RU,53,309.745,5.848,18,Road,Clockwise,0,1,0,2018 · Russian GP,R16,201816,0
993,2018,17,2018-10-07,Japan,Japanese GP,JPN,Formula 1 2018 Honda Japanese Grand Prix,suzuka,Suzuka,Suzuka Circuit,japan,Japan,JP,53,307.471,5.807,18,Race,Clockwise,0,1,1,2018 · Japanese GP,R17,201817,0
994,2018,18,2018-10-21,United States,United States GP,USA,Formula 1 Pirelli 2018 United States Grand Prix,austin,Americas,Circuit of the Americas,united-states-of-america,United States of America,US,56,308.405,5.513,20,Race,Anti_Clockwise,0,1,0,2018 · United States GP,R18,201818,0
995,2018,19,2018-10-28,Mexico,Mexican GP,MEX,Formula 1 Gran Premio de México 2018,mexico-city,Hermanos Rodríguez,Autódromo Hermanos Rodríguez,mexico,Mexico,MX,71,305.354,4.304,17,Race,Clockwise,0,1,0,2018 · Mexican GP,R19,201819,1
996,2018,20,2018-11-11,Brazil,Brazilian GP,BRA,Formula 1 Grande Prêmio Heineken do Brasil 2018,interlagos,José Carlos Pace,Autódromo José Carlos Pace,brazil,Brazil,BR,71,305.909,4.309,15,Race,Anti_Clockwise,0,1,1,2018 · Brazilian GP,R20,201820,0
997,2018,21,2018-11-25,Abu Dhabi,Abu Dhabi GP,ABD,Formula 1 2018 Etihad Airways Abu Dhabi Grand Prix,yas-marina,Yas Marina,Yas Marina Circuit,united-arab-emirates,United Arab Emirates,AE,55,305.355,5.554,21,Race,Anti_Clockwise,0,1,0,2018 · Abu Dhabi GP,R21,201821,0
998,2019,1,2019-03-17,Australia,Australian GP,AUS,Formula 1 Rolex Australian Grand Prix 2019,melbourne,Melbourne,Melbourne Grand Prix Circuit,australia,Australia,AU,58,307.574,5.303,16,Street,Clockwise,0,1,1,2019 · Australian GP,R01,201901,0
999,2019,2,2019-03-31,Bahrain,Bahrain GP,BHR,Formula 1 Gulf Air Bahrain Grand Prix 2019,bahrain,Bahrain,Bahrain International Circuit,bahrain,Bahrain,BH,57,308.238,5.412,15,Race,Clockwise,0,1,0,2019 · Bahrain GP,R02,201902,0
1000,2019,3,2019-04-14,China,Chinese GP,CHN,Formula 1 Heineken Chinese Grand Prix 2019,shanghai,Shanghai,Shanghai International Circuit,china,China,CN,56,305.066,5.451,16,Race,Clockwise,0,1,0,2019 · Chinese GP,R03,201903,0
1001,2019,4,2019-04-28,Azerbaijan,Azerbaijan GP,AZE,Formula 1 SOCAR Azerbaijan Grand Prix 2019,baku,Baku,Baku City Circuit,azerbaijan,Azerbaijan,AZ,51,306.049,6.003,20,Street,Anti_Clockwise,0,1,0,2019 · Azerbaijan GP,R04,201904,0
1002,2019,5,2019-05-12,Spain,Spanish GP,ESP,Formula 1 Emirates Gran Premio de España 2019,catalunya,Catalunya,Circuit de Barcelona-Catalunya,spain,Spain,ES,66,307.104,4.655,16,Race,Clockwise,0,1,1,2019 · Spanish GP,R05,201905,0
1003,2019,6,2019-05-26,Monaco,Monaco GP,MCO,Formula 1 Grand Prix de Monaco 2019,monaco,Monaco,Circuit de Monaco,monaco,Monaco,MC,78,260.286,3.337,19,Street,Clockwise,0,1,1,2019 · Monaco GP,R06,201906,0
1004,2019,7,2019-06-09,Canada,Canadian GP,CAN,Formula 1 Pirelli Grand Prix du Canada 2019,montreal,Gilles Villeneuve,Circuit Gilles Villeneuve,canada,Canada,CA,70,305.27,4.361,14,Street,Clockwise,0,1,1,2019 · Canadian GP,R07,201907,0
1005,2019,8,2019-06-23,France,French GP,FRA,Formula 1 Pirelli Grand Prix de France 2019,paul-ricard,Paul Ricard,Circuit Paul Ricard,france,France,FR,53,309.69,5.842,15,Race,Clockwise,0,1,1,2019 · French GP,R08,201908,0
1006,2019,9,2019-06-30,Austria,Austrian GP,AUT,Formula 1 myWorld Grosser Preis von Österreich 2019,spielberg,Red Bull Ring,Red Bull Ring,austria,Austria,AT,71,306.452,4.318,10,Race,Clockwise,0,1,0,2019 · Austrian GP,R09,201909,0
1007,2019,10,2019-07-14,Great Britain,British GP,GBR,Formula 1 Rolex British Grand Prix 2019,silverstone,Silverstone,Silverstone Circuit,united-kingdom,United Kingdom,GB,52,306.198,5.891,18,Race,Clockwise,0,1,1,2019 · British GP,R10,201910,0
1008,2019,11,2019-07-28,Germany,German GP,DEU,Formula 1 Mercedes-Benz Grosser Preis von Deutschland 2019,hockenheimring,Hockenheimring,Hockenheimring,germany,Germany,DE,64,292.736,4.574,17,Race,Clockwise,0,1,0,2019 · German GP,R11,201911,0
1009,2019,12,2019-08-04,Hungary,Hungarian GP,HUN,Formula 1 Rolex Magyar Nagydíj 2019,hungaroring,Hungaroring,Hungaroring,hungary,Hungary,HU,70,306.63,4.381,14,Race,Clockwise,0,1,1,2019 · Hungarian GP,R12,201912,0
1010,2019,13,2019-09-01,Belgium,Belgian GP,BEL,Formula 1 Johnnie Walker Belgian Grand Prix 2019,spa-francorchamps,Spa-Francorchamps,Circuit de Spa-Francorchamps,belgium,Belgium,BE,44,308.052,7.004,19,Race,Clockwise,0,1,1,2019 · Belgian GP,R13,201913,0
1011,2019,14,2019-09-08,Italy,Italian GP,ITA,Formula 1 Gran Premio Heineken d'Italia 2019,monza,Monza,Autodromo Nazionale Monza,italy,Italy,IT,53,306.72,5.793,11,Race,Clockwise,0,1,1,2019 · Italian GP,R14,201914,0
1012,2019,15,2019-09-22,Singapore,Singapore GP,SGP,Formula 1 Singapore Airlines Singapore Grand Prix 2019,marina-bay,Marina Bay,Marina Bay Street Circuit,singapore,Singapore,SG,61,308.706,5.063,23,Street,Anti_Clockwise,0,1,0,2019 · Singapore GP,R15,201915,0
1013,2019,16,2019-09-29,Russia,Russian GP,RUS,Formula 1 VTB Russian Grand Prix 2019,sochi,Sochi,Sochi Autodrom,russia,Russia,RU,53,309.745,5.848,18,Road,Clockwise,0,1,0,2019 · Russian GP,R16,201916,0
1014,2019,17,2019-10-13,Japan,Japanese GP,JPN,Formula 1 Japanese Grand Prix 2019,suzuka,Suzuka,Suzuka Circuit,japan,Japan,JP,52,301.664,5.807,18,Race,Clockwise,0,1,1,2019 · Japanese GP,R17,201917,0
1015,2019,18,2019-10-27,Mexico,Mexican GP,MEX,Formula 1 Gran Premio de México 2019,mexico-city,Hermanos Rodríguez,Autódromo Hermanos Rodríguez,mexico,Mexico,MX,71,305.354,4.304,17,Race,Clockwise,0,1,0,2019 · Mexican GP,R18,201918,0
1016,2019,19,2019-11-03,United States,United States GP,USA,Formula 1 Emirates United States Grand Prix 2019,austin,Americas,Circuit of the Americas,united-states-of-america,United States of America,US,56,308.405,5.513,20,Race,Anti_Clockwise,0,1,0,2019 · United States GP,R19,201919,1
1017,2019,20,2019-11-17,Brazil,Brazilian GP,BRA,Formula 1 Heineken Grande Prêmio do Brasil 2019,interlagos,José Carlos Pace,Autódromo José Carlos Pace,brazil,Brazil,BR,71,305.909,4.309,15,Race,Anti_Clockwise,0,1,1,2019 · Brazilian GP,R20,201920,0
1018,2019,21,2019-12-01,Abu Dhabi,Abu Dhabi GP,ABD,Formula 1 Etihad Airways Abu Dhabi Grand Prix 2019,yas-marina,Yas Marina,Yas Marina Circuit,united-arab-emirates,United Arab Emirates,AE,55,305.355,5.554,21,Race,Anti_Clockwise,0,1,0,2019 · Abu Dhabi GP,R21,201921,0
1019,2020,1,2020-07-05,Austria,Austrian GP,AUT,Formula 1 Rolex Grosser Preis von Österreich 2020,spielberg,Red Bull Ring,Red Bull Ring,austria,Austria,AT,71,306.452,4.318,10,Race,Clockwise,0,1,0,2020 · Austrian GP,R01,202001,0
1020,2020,2,2020-07-12,Styria,Styrian GP,STE,Formula 1 Pirelli Grosser Preis der Steiermark 2020,spielberg,Red Bull Ring,Red Bull Ring,austria,Austria,AT,71,306.452,4.318,10,Race,Clockwise,0,1,0,2020 · Styrian GP,R02,202002,0
1021,2020,3,2020-07-19,Hungary,Hungarian GP,HUN,Formula 1 Aramco Magyar Nagydíj 2020,hungaroring,Hungaroring,Hungaroring,hungary,Hungary,HU,70,306.63,4.381,14,Race,Clockwise,0,1,1,2020 · Hungarian GP,R03,202003,0
1022,2020,4,2020-08-02,Great Britain,British GP,GBR,Formula 1 Pirelli British Grand Prix 2020,silverstone,Silverstone,Silverstone Circuit,united-kingdom,United Kingdom,GB,52,306.198,5.891,18,Race,Clockwise,0,1,1,2020 · British GP,R04,202004,0
1023,2020,5,2020-08-09,70th Anniversary,70th Anniversary GP,70A,Emirates Formula 1 70th Anniversary Grand Prix 2020,silverstone,Silverstone,Silverstone Circuit,united-kingdom,United Kingdom,GB,52,306.198,5.891,18,Race,Clockwise,0,1,1,2020 · 70th Anniversary GP,R05,202005,0
1024,2020,6,2020-08-16,Spain,Spanish GP,ESP,Formula 1 Aramco Gran Premio de España 2020,catalunya,Catalunya,Circuit de Barcelona-Catalunya,spain,Spain,ES,66,307.104,4.655,16,Race,Clockwise,0,1,1,2020 · Spanish GP,R06,202006,0
1025,2020,7,2020-08-30,Belgium,Belgian GP,BEL,Formula 1 Rolex Belgian Grand Prix 2020,spa-francorchamps,Spa-Francorchamps,Circuit de Spa-Francorchamps,belgium,Belgium,BE,44,308.052,7.004,19,Race,Clockwise,0,1,1,2020 · Belgian GP,R07,202007,0
1026,2020,8,2020-09-06,Italy,Italian GP,ITA,Formula 1 Gran Premio Heineken d'Italia 2020,monza,Monza,Autodromo Nazionale Monza,italy,Italy,IT,53,306.72,5.793,11,Race,Clockwise,0,1,1,2020 · Italian GP,R08,202008,0
1027,2020,9,2020-09-13,Tuscany,Tuscan GP,TUS,Formula 1 Gran Premio Della Toscana Ferrari 1000 2020,mugello,Mugello,Autodromo Internazionale del Mugello,italy,Italy,IT,59,309.455,5.245,15,Race,Clockwise,0,1,0,2020 · Tuscan GP,R09,202009,0
1028,2020,10,2020-09-27,Russia,Russian GP,RUS,Formula 1 VTB Russian Grand Prix 2020,sochi,Sochi,Sochi Autodrom,russia,Russia,RU,53,309.745,5.848,18,Road,Clockwise,0,1,0,2020 · Russian GP,R10,202010,0
1029,2020,11,2020-10-11,Eifel,Eifel GP,EIF,Formula 1 Aramco Grosser Preis der Eifel 2020,nurburgring,Nürburgring,Nürburgring,germany,Germany,DE,60,308.623,5.148,15,Race,Clockwise,0,1,0,2020 · Eifel GP,R11,202011,0
1030,2020,12,2020-10-25,Portugal,Portuguese GP,PRT,Formula 1 Heineken Grande Prémio de Portugal 2020,portimao,Portimão,Algarve International Circuit,portugal,Portugal,PT,66,306.826,4.653,15,Race,Clockwise,0,1,0,2020 · Portuguese GP,R12,202012,0
1031,2020,13,2020-11-01,Emilia Romagna,Emilia Romagna GP,EMR,Formula 1 Emirates Gran Premio dell'Emilia Romagna 2020,imola,Enzo e Dino Ferrari,Autodromo Internazionale Enzo e Dino Ferrari,italy,Italy,IT,63,309.05,4.909,19,Race,Anti_Clockwise,0,1,0,2020 · Emilia Romagna GP,R13,202013,0
1032,2020,14,2020-11-15,Turkey,Turkish GP,TUR,Formula 1 DHL Turkish Grand Prix 2020,istanbul,Istanbul Park,Istanbul Park,turkey,Turkey,TR,58,309.396,5.338,14,Race,Anti_Clockwise,0,1,0,2020 · Turkish GP,R14,202014,1
1033,2020,15,2020-11-29,Bahrain,Bahrain GP,BHR,Formula 1 Gulf Air Bahrain Grand Prix 2020,bahrain,Bahrain,Bahrain International Circuit,bahrain,Bahrain,BH,57,308.238,5.412,15,Race,Clockwise,0,1,0,2020 · Bahrain GP,R15,202015,0
1034,2020,16,2020-12-06,Sakhir,Sakhir GP,SAK,Formula 1 Rolex Sakhir Grand Prix 2020,bahrain,Bahrain,Bahrain International Circuit,bahrain,Bahrain,BH,87,307.995,3.543,11,Race,Clockwise,0,1,0,2020 · Sakhir GP,R16,202016,0
1035,2020,17,2020-12-13,Abu Dhabi,Abu Dhabi GP,ABD,Formula 1 Etihad Airways Abu Dhabi Grand Prix 2020,yas-marina,Yas Marina,Yas Marina Circuit,united-arab-emirates,United Arab Emirates,AE,55,305.355,5.554,21,Race,Anti_Clockwise,0,1,0,2020 · Abu Dhabi GP,R17,202017,0
1036,2021,1,2021-03-28,Bahrain,Bahrain GP,BHR,Formula 1 Gulf Air Bahrain Grand Prix 2021,bahrain,Bahrain,Bahrain International Circuit,bahrain,Bahrain,BH,56,302.826,5.412,15,Race,Clockwise,0,1,0,2021 · Bahrain GP,R01,202101,0
1037,2021,2,2021-04-18,Emilia Romagna,Emilia Romagna GP,EMR,Formula 1 Pirelli Gran Premio del Made in Italy e dell'Emilia Romagna 2021,imola,Enzo e Dino Ferrari,Autodromo Internazionale Enzo e Dino Ferrari,italy,Italy,IT,63,309.05,4.909,19,Race,Anti_Clockwise,0,1,0,2021 · Emilia Romagna GP,R02,202102,0
1038,2021,3,2021-05-02,Portugal,Portuguese GP,PRT,Formula 1 Heineken Grande Prémio de Portugal 2021,portimao,Portimão,Algarve International Circuit,portugal,Portugal,PT,66,306.826,4.653,15,Race,Clockwise,0,1,0,2021 · Portuguese GP,R03,202103,0
1039,2021,4,2021-05-09,Spain,Spanish GP,ESP,Formula 1 Aramco Gran Premio de España 2021,catalunya,Catalunya,Circuit de Barcelona-Catalunya,spain,Spain,ES,66,308.424,4.675,16,Race,Clockwise,0,1,1,2021 · Spanish GP,R04,202104,0
1040,2021,5,2021-05-23,Monaco,Monaco GP,MCO,Formula 1 Grand Prix de Monaco 2021,monaco,Monaco,Circuit de Monaco,monaco,Monaco,MC,78,260.286,3.337,19,Street,Clockwise,0,1,1,2021 · Monaco GP,R05,202105,0
1041,2021,6,2021-06-06,Azerbaijan,Azerbaijan GP,AZE,Formula 1 Azerbaijan Grand Prix 2021,baku,Baku,Baku City Circuit,azerbaijan,Azerbaijan,AZ,51,306.049,6.003,20,Street,Anti_Clockwise,0,1,0,2021 · Azerbaijan GP,R06,202106,0
1042,2021,7,2021-06-20,France,French GP,FRA,Formula 1 Emirates Grand Prix de France 2021,paul-ricard,Paul Ricard,Circuit Paul Ricard,france,France,FR,53,309.69,5.842,15,Race,Clockwise,0,1,1,2021 · French GP,R07,202107,0
1043,2021,8,2021-06-27,Styria,Styrian GP,STE,Formula 1 BWT Grosser Preis der Steiermark 2021,spielberg,Red Bull Ring,Red Bull Ring,austria,Austria,AT,71,306.452,4.318,10,Race,Clockwise,0,1,0,2021 · Styrian GP,R08,202108,0
1044,2021,9,2021-07-04,Austria,Austrian GP,AUT,Formula 1 BWT Grosser Preis von Österreich 2021,spielberg,Red Bull Ring,Red Bull Ring,austria,Austria,AT,71,306.452,4.318,10,Race,Clockwise,0,1,0,2021 · Austrian GP,R09,202109,0
1045,2021,10,2021-07-18,Great Britain,British GP,GBR,Formula 1 Pirelli British Grand Prix 2021,silverstone,Silverstone,Silverstone Circuit,united-kingdom,United Kingdom,GB,52,306.198,5.891,18,Race,Clockwise,0,1,1,2021 · British GP,R10,202110,0
1046,2021,11,2021-08-01,Hungary,Hungarian GP,HUN,Formula 1 Rolex Magyar Nagydíj 2021,hungaroring,Hungaroring,Hungaroring,hungary,Hungary,HU,70,306.63,4.381,14,Race,Clockwise,0,1,1,2021 · Hungarian GP,R11,202111,0
1047,2021,12,2021-08-29,Belgium,Belgian GP,BEL,Formula 1 Rolex Belgian Grand Prix 2021,spa-francorchamps,Spa-Francorchamps,Circuit de Spa-Francorchamps,belgium,Belgium,BE,1,6.88,7.004,19,Race,Clockwise,0,1,1,2021 · Belgian GP,R12,202112,0
1048,2021,13,2021-09-05,Netherlands,Dutch GP,NLD,Formula 1 Heineken Dutch Grand Prix 2021,zandvoort,Zandvoort,Circuit Park Zandvoort,netherlands,Netherlands,NL,72,306.648,4.259,14,Race,Clockwise,0,1,0,2021 · Dutch GP,R13,202113,0
1049,2021,14,2021-09-12,Italy,Italian GP,ITA,Formula 1 Heineken Gran Premio d'Italia 2021,monza,Monza,Autodromo Nazionale Monza,italy,Italy,IT,53,306.72,5.793,11,Race,Clockwise,0,1,1,2021 · Italian GP,R14,202114,0
1050,2021,15,2021-09-26,Russia,Russian GP,RUS,Formula 1 VTB Russian Grand Prix 2021,sochi,Sochi,Sochi Autodrom,russia,Russia,RU,53,309.745,5.848,18,Road,Clockwise,0,1,0,2021 · Russian GP,R15,202115,0
1051,2021,16,2021-10-03,Turkey,Turkish GP,TUR,Formula 1 Rolex Turkish Grand Prix 2021,istanbul,Istanbul Park,Istanbul Park,turkey,Turkey,TR,58,309.396,5.338,14,Race,Anti_Clockwise,0,1,0,2021 · Turkish GP,R16,202116,0
1052,2021,17,2021-10-24,United States,United States GP,USA,Formula 1 Aramco United States Grand Prix 2021,austin,Americas,Circuit of the Americas,united-states-of-america,United States of America,US,56,308.405,5.513,20,Race,Anti_Clockwise,0,1,0,2021 · United States GP,R17,202117,0
1053,2021,18,2021-11-07,Mexico,Mexican GP,MEX,Formula 1 Gran Premio de la Ciudad de México 2021,mexico-city,Hermanos Rodríguez,Autódromo Hermanos Rodríguez,mexico,Mexico,MX,71,305.354,4.304,17,Race,Clockwise,0,1,0,2021 · Mexican GP,R18,202118,0
1054,2021,19,2021-11-14,São Paulo,São Paulo GP,SAO,Formula 1 Heineken Grande Prêmio de São Paulo 2021,interlagos,José Carlos Pace,Autódromo José Carlos Pace,brazil,Brazil,BR,71,305.909,4.309,15,Race,Anti_Clockwise,0,1,1,2021 · São Paulo GP,R19,202119,0
1055,2021,20,2021-11-21,Qatar,Qatar GP,QAT,Formula 1 Ooredoo Qatar Grand Prix 2021,lusail,Lusail,Lusail International Circuit,qatar,Qatar,QA,57,306.66,5.38,16,Race,Clockwise,0,1,0,2021 · Qatar GP,R20,202120,0
1056,2021,21,2021-12-05,Saudi Arabia,Saudi Arabian GP,SAU,Formula 1 stc Saudi Arabian Grand Prix 2021,jeddah,Jeddah,Jeddah Corniche Circuit,saudi-arabia,Saudi Arabia,SA,50,308.45,6.174,27,Street,Anti_Clockwise,0,1,0,2021 · Saudi Arabian GP,R21,202121,0
1057,2021,22,2021-12-12,Abu Dhabi,Abu Dhabi GP,ABD,Formula 1 Etihad Airways Abu Dhabi Grand Prix 2021,yas-marina,Yas Marina,Yas Marina Circuit,united-arab-emirates,United Arab Emirates,AE,58,306.183,5.281,16,Race,Anti_Clockwise,0,1,0,2021 · Abu Dhabi GP,R22,202122,1
1058,2022,1,2022-03-20,Bahrain,Bahrain GP,BHR,Formula 1 Gulf Air Bahrain Grand Prix 2022,bahrain,Bahrain,Bahrain International Circuit,bahrain,Bahrain,BH,57,308.238,5.412,15,Race,Clockwise,0,1,0,2022 · Bahrain GP,R01,202201,0
1059,2022,2,2022-03-27,Saudi Arabia,Saudi Arabian GP,SAU,Formula 1 stc Saudi Arabian Grand Prix 2022,jeddah,Jeddah,Jeddah Corniche Circuit,saudi-arabia,Saudi Arabia,SA,50,308.45,6.174,27,Street,Anti_Clockwise,0,1,0,2022 · Saudi Arabian GP,R02,202202,0
1060,2022,3,2022-04-10,Australia,Australian GP,AUS,Formula 1 Heineken Australian Grand Prix 2022,melbourne,Melbourne,Melbourne Grand Prix Circuit,australia,Australia,AU,58,306.124,5.278,14,Street,Clockwise,0,1,1,2022 · Australian GP,R03,202203,0
1061,2022,4,2022-04-24,Emilia Romagna,Emilia Romagna GP,EMR,Formula 1 Rolex Gran Premio dell'Emilia Romagna 2022,imola,Enzo e Dino Ferrari,Autodromo Internazionale Enzo e Dino Ferrari,italy,Italy,IT,63,309.049,4.909,19,Race,Anti_Clockwise,0,1,0,2022 · Emilia Romagna GP,R04,202204,0
1062,2022,5,2022-05-08,Miami,Miami GP,MIA,Formula 1 Crypto.com Miami Grand Prix 2022,miami,Miami,Miami International Autodrome,united-states-of-america,United States of America,US,57,308.326,5.412,19,Street,Anti_Clockwise,0,1,0,2022 · Miami GP,R05,202205,0
1063,2022,6,2022-05-22,Spain,Spanish GP,ESP,Formula 1 Pirelli Gran Premio de España 2022,catalunya,Catalunya,Circuit de Barcelona-Catalunya,spain,Spain,ES,66,308.424,4.675,16,Race,Clockwise,0,1,1,2022 · Spanish GP,R06,202206,0
1064,2022,7,2022-05-29,Monaco,Monaco GP,MCO,Formula 1 Grand Prix de Monaco 2022,monaco,Monaco,Circuit de Monaco,monaco,Monaco,MC,64,213.568,3.337,19,Street,Clockwise,0,1,1,2022 · Monaco GP,R07,202207,0
1065,2022,8,2022-06-12,Azerbaijan,Azerbaijan GP,AZE,Formula 1 Azerbaijan Grand Prix 2022,baku,Baku,Baku City Circuit,azerbaijan,Azerbaijan,AZ,51,306.049,6.003,20,Street,Anti_Clockwise,0,1,0,2022 · Azerbaijan GP,R08,202208,0
1066,2022,9,2022-06-19,Canada,Canadian GP,CAN,Formula 1 Grand Prix du Canada 2022,montreal,Gilles Villeneuve,Circuit Gilles Villeneuve,canada,Canada,CA,70,305.27,4.361,14,Street,Clockwise,0,1,1,2022 · Canadian GP,R09,202209,0
1067,2022,10,2022-07-03,Great Britain,British GP,GBR,Formula 1 Lenovo British Grand Prix 2022,silverstone,Silverstone,Silverstone Circuit,united-kingdom,United Kingdom,GB,52,306.198,5.891,18,Race,Clockwise,0,1,1,2022 · British GP,R10,202210,0
1068,2022,11,2022-07-10,Austria,Austrian GP,AUT,Formula 1 Grosser Preis von Österreich 2022,spielberg,Red Bull Ring,Red Bull Ring,austria,Austria,AT,71,306.452,4.318,10,Race,Clockwise,0,1,0,2022 · Austrian GP,R11,202211,0
1069,2022,12,2022-07-24,France,French GP,FRA,Formula 1 Lenovo Grand Prix de France 2022,paul-ricard,Paul Ricard,Circuit Paul Ricard,france,France,FR,53,309.69,5.842,15,Race,Clockwise,0,1,1,2022 · French GP,R12,202212,0
1070,2022,13,2022-07-31,Hungary,Hungarian GP,HUN,Formula 1 Aramco Magyar Nagydíj 2022,hungaroring,Hungaroring,Hungaroring,hungary,Hungary,HU,70,306.63,4.381,14,Race,Clockwise,0,1,1,2022 · Hungarian GP,R13,202213,0
1071,2022,14,2022-08-28,Belgium,Belgian GP,BEL,Formula 1 Rolex Belgian Grand Prix 2022,spa-francorchamps,Spa-Francorchamps,Circuit de Spa-Francorchamps,belgium,Belgium,BE,44,308.052,7.004,19,Race,Clockwise,0,1,1,2022 · Belgian GP,R14,202214,0
1072,2022,15,2022-09-04,Netherlands,Dutch GP,NLD,Formula 1 Heineken Dutch Grand Prix 2022,zandvoort,Zandvoort,Circuit Park Zandvoort,netherlands,Netherlands,NL,72,306.587,4.259,14,Race,Clockwise,0,1,0,2022 · Dutch GP,R15,202215,0
1073,2022,16,2022-09-11,Italy,Italian GP,ITA,Formula 1 Pirelli Gran Premio d'Italia 2022,monza,Monza,Autodromo Nazionale Monza,italy,Italy,IT,53,306.72,5.793,11,Race,Clockwise,0,1,1,2022 · Italian GP,R16,202216,0
1074,2022,17,2022-10-02,Singapore,Singapore GP,SGP,Formula 1 Singapore Airlines Singapore Grand Prix 2022,marina-bay,Marina Bay,Marina Bay Street Circuit,singapore,Singapore,SG,59,298.58,5.063,23,Street,Anti_Clockwise,0,1,0,2022 · Singapore GP,R17,202217,0
1075,2022,18,2022-10-09,Japan,Japanese GP,JPN,Formula 1 Honda Japanese Grand Prix 2022,suzuka,Suzuka,Suzuka Circuit,japan,Japan,JP,28,162.296,5.807,18,Race,Clockwise,0,1,1,2022 · Japanese GP,R18,202218,1
1076,2022,19,2022-10-23,United States,United States GP,USA,Formula 1 Aramco United States Grand Prix 2022,austin,Americas,Circuit of the Americas,united-states-of-america,United States of America,US,56,308.405,5.513,20,Race,Anti_Clockwise,0,1,0,2022 · United States GP,R19,202219,0
1077,2022,20,2022-10-30,Mexico,Mexican GP,MEX,Formula 1 Heineken Gran Premio de la Ciudad de México 2022,mexico-city,Hermanos Rodríguez,Autódromo Hermanos Rodríguez,mexico,Mexico,MX,71,305.354,4.304,17,Race,Clockwise,0,1,0,2022 · Mexican GP,R20,202220,0
1078,2022,21,2022-11-13,São Paulo,São Paulo GP,SAO,Formula 1 Heineken Grande Prêmio de São Paulo 2022,interlagos,José Carlos Pace,Autódromo José Carlos Pace,brazil,Brazil,BR,71,305.879,4.309,15,Race,Anti_Clockwise,0,1,1,2022 · São Paulo GP,R21,202221,0
1079,2022,22,2022-11-20,Abu Dhabi,Abu Dhabi GP,ABD,Formula 1 Etihad Airways Abu Dhabi Grand Prix 2022,yas-marina,Yas Marina,Yas Marina Circuit,united-arab-emirates,United Arab Emirates,AE,58,306.183,5.281,16,Race,Anti_Clockwise,0,1,0,2022 · Abu Dhabi GP,R22,202222,0
1080,2023,1,2023-03-05,Bahrain,Bahrain GP,BHR,Formula 1 Gulf Air Bahrain Grand Prix 2023,bahrain,Bahrain,Bahrain International Circuit,bahrain,Bahrain,BH,57,308.238,5.412,15,Race,Clockwise,0,1,0,2023 · Bahrain GP,R01,202301,0
1081,2023,2,2023-03-19,Saudi Arabia,Saudi Arabian GP,SAU,Formula 1 stc Saudi Arabian Grand Prix 2023,jeddah,Jeddah,Jeddah Corniche Circuit,saudi-arabia,Saudi Arabia,SA,50,308.45,6.174,27,Street,Anti_Clockwise,0,1,0,2023 · Saudi Arabian GP,R02,202302,0
1082,2023,3,2023-04-02,Australia,Australian GP,AUS,Formula 1 Rolex Australian Grand Prix 2023,melbourne,Melbourne,Melbourne Grand Prix Circuit,australia,Australia,AU,58,306.124,5.278,14,Street,Clockwise,0,1,1,2023 · Australian GP,R03,202303,0
1083,2023,4,2023-04-30,Azerbaijan,Azerbaijan GP,AZE,Formula 1 Azerbaijan Grand Prix 2023,baku,Baku,Baku City Circuit,azerbaijan,Azerbaijan,AZ,51,306.049,6.003,20,Street,Anti_Clockwise,1,1,0,2023 · Azerbaijan GP,R04,202304,0
1084,2023,5,2023-05-07,Miami,Miami GP,MIA,Formula 1 Crypto.com Miami Grand Prix 2023,miami,Miami,Miami International Autodrome,united-states-of-america,United States of America,US,57,308.326,5.412,19,Street,Anti_Clockwise,0,1,0,2023 · Miami GP,R05,202305,0
1085,2023,6,2023-05-28,Monaco,Monaco GP,MCO,Formula 1 Grand Prix de Monaco 2023,monaco,Monaco,Circuit de Monaco,monaco,Monaco,MC,78,260.286,3.337,19,Street,Clockwise,0,1,1,2023 · Monaco GP,R06,202306,0
1086,2023,7,2023-06-04,Spain,Spanish GP,ESP,Formula 1 AWS Gran Premio de España 2023,catalunya,Catalunya,Circuit de Barcelona-Catalunya,spain,Spain,ES,66,307.236,4.657,14,Race,Clockwise,0,1,1,2023 · Spanish GP,R07,202307,0
1087,2023,8,2023-06-18,Canada,Canadian GP,CAN,Formula 1 Pirelli Grand Prix du Canada 2023,montreal,Gilles Villeneuve,Circuit Gilles Villeneuve,canada,Canada,CA,70,305.27,4.361,14,Street,Clockwise,0,1,1,2023 · Canadian GP,R08,202308,0
1088,2023,9,2023-07-02,Austria,Austrian GP,AUT,Formula 1 Rolex Grosser Preis von Österreich 2023,spielberg,Red Bull Ring,Red Bull Ring,austria,Austria,AT,71,306.452,4.318,10,Race,Clockwise,1,1,0,2023 · Austrian GP,R09,202309,0
1089,2023,10,2023-07-09,Great Britain,British GP,GBR,Formula 1 Aramco British Grand Prix 2023,silverstone,Silverstone,Silverstone Circuit,united-kingdom,United Kingdom,GB,52,306.198,5.891,18,Race,Clockwise,0,1,1,2023 · British GP,R10,202310,0
1090,2023,11,2023-07-23,Hungary,Hungarian GP,HUN,Formula 1 Qatar Airways Hungarian Grand Prix 2023,hungaroring,Hungaroring,Hungaroring,hungary,Hungary,HU,70,306.63,4.381,14,Race,Clockwise,0,1,1,2023 · Hungarian GP,R11,202311,0
1091,2023,12,2023-07-30,Belgium,Belgian GP,BEL,Formula 1 MSC Cruises Belgian Grand Prix 2023,spa-francorchamps,Spa-Francorchamps,Circuit de Spa-Francorchamps,belgium,Belgium,BE,44,308.052,7.004,19,Race,Clockwise,1,1,1,2023 · Belgian GP,R12,202312,0
1092,2023,13,2023-08-27,Netherlands,Dutch GP,NLD,Formula 1 Heineken Dutch Grand Prix 2023,zandvoort,Zandvoort,Circuit Park Zandvoort,netherlands,Netherlands,NL,72,306.587,4.259,14,Race,Clockwise,0,1,0,2023 · Dutch GP,R13,202313,0
1093,2023,14,2023-09-03,Italy,Italian GP,ITA,Formula 1 Pirelli Gran Premio d'Italia 2023,monza,Monza,Autodromo Nazionale Monza,italy,Italy,IT,51,295.134,5.793,11,Race,Clockwise,0,1,1,2023 · Italian GP,R14,202314,0
1094,2023,15,2023-09-17,Singapore,Singapore GP,SGP,Formula 1 Singapore Airlines Singapore Grand Prix 2023,marina-bay,Marina Bay,Marina Bay Street Circuit,singapore,Singapore,SG,62,306.143,4.94,19,Street,Anti_Clockwise,0,1,0,2023 · Singapore GP,R15,202315,0
1095,2023,16,2023-09-24,Japan,Japanese GP,JPN,Formula 1 Lenovo Japanese Grand Prix 2023,suzuka,Suzuka,Suzuka Circuit,japan,Japan,JP,53,307.471,5.807,18,Race,Clockwise,0,1,1,2023 · Japanese GP,R16,202316,0
1096,2023,17,2023-10-08,Qatar,Qatar GP,QAT,Formula 1 Qatar Airways Qatar Grand Prix 2023,lusail,Lusail,Lusail International Circuit,qatar,Qatar,QA,57,308.611,5.419,16,Race,Clockwise,1,1,0,2023 · Qatar GP,R17,202317,1
1097,2023,18,2023-10-22,United States,United States GP,USA,Formula 1 Lenovo United States Grand Prix 2023,austin,Americas,Circuit of the Americas,united-states-of-america,United States of America,US,56,308.405,5.513,20,Race,Anti_Clockwise,1,1,0,2023 · United States GP,R18,202318,0
1098,2023,19,2023-10-29,Mexico,Mexican GP,MEX,Formula 1 Gran Premio de la Ciudad de México 2023,mexico-city,Hermanos Rodríguez,Autódromo Hermanos Rodríguez,mexico,Mexico,MX,71,305.354,4.304,17,Race,Clockwise,0,1,0,2023 · Mexican GP,R19,202319,0
1099,2023,20,2023-11-05,São Paulo,São Paulo GP,SAO,Formula 1 Rolex Grande Prêmio de São Paulo 2023,interlagos,José Carlos Pace,Autódromo José Carlos Pace,brazil,Brazil,BR,71,305.879,4.309,15,Race,Anti_Clockwise,1,1,1,2023 · São Paulo GP,R20,202320,0
1100,2023,21,2023-11-19,Las Vegas,Las Vegas GP,LAS,Formula 1 Heineken Silver Las Vegas Grand Prix 2023,las-vegas,Las Vegas,Las Vegas Street Circuit,united-states-of-america,United States of America,US,50,309.958,6.201,17,Street,Anti_Clockwise,0,1,0,2023 · Las Vegas GP,R21,202321,0
1101,2023,22,2023-11-26,Abu Dhabi,Abu Dhabi GP,ABD,Formula 1 Etihad Airways Abu Dhabi Grand Prix 2023,yas-marina,Yas Marina,Yas Marina Circuit,united-arab-emirates,United Arab Emirates,AE,58,306.183,5.281,16,Race,Anti_Clockwise,0,1,0,2023 · Abu Dhabi GP,R22,202322,0
1102,2024,1,2024-03-02,Bahrain,Bahrain GP,BHR,Formula 1 Gulf Air Bahrain Grand Prix 2024,bahrain,Bahrain,Bahrain International Circuit,bahrain,Bahrain,BH,57,308.238,5.412,15,Race,Clockwise,0,1,0,2024 · Bahrain GP,R01,202401,0
1103,2024,2,2024-03-09,Saudi Arabia,Saudi Arabian GP,SAU,Formula 1 stc Saudi Arabian Grand Prix 2024,jeddah,Jeddah,Jeddah Corniche Circuit,saudi-arabia,Saudi Arabia,SA,50,308.45,6.174,27,Street,Anti_Clockwise,0,1,0,2024 · Saudi Arabian GP,R02,202402,0
1104,2024,3,2024-03-24,Australia,Australian GP,AUS,Formula 1 Rolex Australian Grand Prix 2024,melbourne,Melbourne,Melbourne Grand Prix Circuit,australia,Australia,AU,58,306.124,5.278,14,Street,Clockwise,0,1,1,2024 · Australian GP,R03,202403,0
1105,2024,4,2024-04-07,Japan,Japanese GP,JPN,Formula 1 MSC Cruises Japanese Grand Prix 2024,suzuka,Suzuka,Suzuka Circuit,japan,Japan,JP,53,307.471,5.807,18,Race,Clockwise,0,1,1,2024 · Japanese GP,R04,202404,0
1106,2024,5,2024-04-21,China,Chinese GP,CHN,Formula 1 Lenovo Chinese Grand Prix 2024,shanghai,Shanghai,Shanghai International Circuit,china,China,CN,56,305.066,5.451,16,Race,Clockwise,1,1,0,2024 · Chinese GP,R05,202405,0
1107,2024,6,2024-05-05,Miami,Miami GP,MIA,Formula 1 Crypto.com Miami Grand Prix 2024,miami,Miami,Miami International Autodrome,united-states-of-america,United States of America,US,57,308.326,5.412,19,Street,Anti_Clockwise,1,1,0,2024 · Miami GP,R06,202406,0
1108,2024,7,2024-05-19,Emilia Romagna,Emilia Romagna GP,EMR,Formula 1 MSC Cruises Gran Premio dell'Emilia Romagna 2024,imola,Enzo e Dino Ferrari,Autodromo Internazionale Enzo e Dino Ferrari,italy,Italy,IT,63,309.049,4.909,19,Race,Anti_Clockwise,0,1,0,2024 · Emilia Romagna GP,R07,202407,0
1109,2024,8,2024-05-26,Monaco,Monaco GP,MCO,Formula 1 Grand Prix de Monaco 2024,monaco,Monaco,Circuit de Monaco,monaco,Monaco,MC,78,260.286,3.337,19,Street,Clockwise,0,1,1,2024 · Monaco GP,R08,202408,0
1110,2024,9,2024-06-09,Canada,Canadian GP,CAN,Formula 1 Grand Prix du Canada 2024,montreal,Gilles Villeneuve,Circuit Gilles Villeneuve,canada,Canada,CA,70,305.27,4.361,14,Street,Clockwise,0,1,1,2024 · Canadian GP,R09,202409,0
1111,2024,10,2024-06-23,Spain,Spanish GP,ESP,Formula 1 Aramco Gran Premio de España 2024,catalunya,Catalunya,Circuit de Barcelona-Catalunya,spain,Spain,ES,66,307.236,4.657,14,Race,Clockwise,0,1,1,2024 · Spanish GP,R10,202410,0
1112,2024,11,2024-06-30,Austria,Austrian GP,AUT,Formula 1 Qatar Airways Austrian Grand Prix 2024,spielberg,Red Bull Ring,Red Bull Ring,austria,Austria,AT,71,306.452,4.318,10,Race,Clockwise,1,1,0,2024 · Austrian GP,R11,202411,0
1113,2024,12,2024-07-07,Great Britain,British GP,GBR,Formula 1 Qatar Airways British Grand Prix 2024,silverstone,Silverstone,Silverstone Circuit,united-kingdom,United Kingdom,GB,52,306.198,5.891,18,Race,Clockwise,0,1,1,2024 · British GP,R12,202412,0
1114,2024,13,2024-07-21,Hungary,Hungarian GP,HUN,Formula 1 Hungarian Grand Prix 2024,hungaroring,Hungaroring,Hungaroring,hungary,Hungary,HU,70,306.63,4.381,14,Race,Clockwise,0,1,1,2024 · Hungarian GP,R13,202413,0
1115,2024,14,2024-07-28,Belgium,Belgian GP,BEL,Formula 1 Rolex Belgian Grand Prix 2024,spa-francorchamps,Spa-Francorchamps,Circuit de Spa-Francorchamps,belgium,Belgium,BE,44,308.052,7.004,19,Race,Clockwise,0,1,1,2024 · Belgian GP,R14,202414,0
1116,2024,15,2024-08-25,Netherlands,Dutch GP,NLD,Formula 1 Heineken Dutch Grand Prix 2024,zandvoort,Zandvoort,Circuit Park Zandvoort,netherlands,Netherlands,NL,72,306.587,4.259,14,Race,Clockwise,0,1,0,2024 · Dutch GP,R15,202415,0
1117,2024,16,2024-09-01,Italy,Italian GP,ITA,Formula 1 Pirelli Gran Premio d'Italia 2024,monza,Monza,Autodromo Nazionale Monza,italy,Italy,IT,53,306.72,5.793,11,Race,Clockwise,0,1,1,2024 · Italian GP,R16,202416,0
1118,2024,17,2024-09-15,Azerbaijan,Azerbaijan GP,AZE,Formula 1 Qatar Airways Azerbaijan Grand Prix 2024,baku,Baku,Baku City Circuit,azerbaijan,Azerbaijan,AZ,51,306.049,6.003,20,Street,Anti_Clockwise,0,1,0,2024 · Azerbaijan GP,R17,202417,0
1119,2024,18,2024-09-22,Singapore,Singapore GP,SGP,Formula 1 Singapore Airlines Singapore Grand Prix 2024,marina-bay,Marina Bay,Marina Bay Street Circuit,singapore,Singapore,SG,62,306.143,4.94,19,Street,Anti_Clockwise,0,1,0,2024 · Singapore GP,R18,202418,0
1120,2024,19,2024-10-20,United States,United States GP,USA,Formula 1 Pirelli United States Grand Prix 2024,austin,Americas,Circuit of the Americas,united-states-of-america,United States of America,US,56,308.405,5.513,20,Race,Anti_Clockwise,1,1,0,2024 · United States GP,R19,202419,0
1121,2024,20,2024-10-27,Mexico,Mexican GP,MEX,Formula 1 Gran Premio de la Ciudad de México 2024,mexico-city,Hermanos Rodríguez,Autódromo Hermanos Rodríguez,mexico,Mexico,MX,71,305.354,4.304,17,Race,Clockwise,0,1,0,2024 · Mexican GP,R20,202420,0
1122,2024,21,2024-11-03,São Paulo,São Paulo GP,SAO,Formula 1 Lenovo Grande Prêmio de São Paulo 2024,interlagos,José Carlos Pace,Autódromo José Carlos Pace,brazil,Brazil,BR,69,297.261,4.309,15,Race,Anti_Clockwise,1,1,1,2024 · São Paulo GP,R21,202421,0
1123,2024,22,2024-11-24,Las Vegas,Las Vegas GP,LAS,Formula 1 Heineken Silver Las Vegas Grand Prix 2024,las-vegas,Las Vegas,Las Vegas Street Circuit,united-states-of-america,United States of America,US,50,309.958,6.201,17,Street,Anti_Clockwise,0,1,0,2024 · Las Vegas GP,R22,202422,1
1124,2024,23,2024-12-01,Qatar,Qatar GP,QAT,Formula 1 Qatar Airways Qatar Grand Prix 2024,lusail,Lusail,Lusail International Circuit,qatar,Qatar,QA,57,308.611,5.419,16,Race,Clockwise,1,1,0,2024 · Qatar GP,R23,202423,0
1125,2024,24,2024-12-08,Abu Dhabi,Abu Dhabi GP,ABD,Formula 1 Etihad Airways Abu Dhabi Grand Prix 2024,yas-marina,Yas Marina,Yas Marina Circuit,united-arab-emirates,United Arab Emirates,AE,58,306.183,5.281,16,Race,Anti_Clockwise,0,1,0,2024 · Abu Dhabi GP,R24,202424,0
1126,2025,1,2025-03-16,Australia,Australian GP,AUS,Formula 1 Louis Vuitton Australian Grand Prix 2025,melbourne,Melbourne,Melbourne Grand Prix Circuit,australia,Australia,AU,57,300.846,5.278,14,Street,Clockwise,0,1,1,2025 · Australian GP,R01,202501,0
1127,2025,2,2025-03-23,China,Chinese GP,CHN,Formula 1 Heineken Chinese Grand Prix 2025,shanghai,Shanghai,Shanghai International Circuit,china,China,CN,56,305.066,5.451,16,Race,Clockwise,1,1,0,2025 · Chinese GP,R02,202502,0
1128,2025,3,2025-04-06,Japan,Japanese GP,JPN,Formula 1 Lenovo Japanese Grand Prix 2025,suzuka,Suzuka,Suzuka Circuit,japan,Japan,JP,53,307.471,5.807,18,Race,Clockwise,0,1,1,2025 · Japanese GP,R03,202503,0
1129,2025,4,2025-04-13,Bahrain,Bahrain GP,BHR,Formula 1 Gulf Air Bahrain Grand Prix 2025,bahrain,Bahrain,Bahrain International Circuit,bahrain,Bahrain,BH,57,308.238,5.412,15,Race,Clockwise,0,1,0,2025 · Bahrain GP,R04,202504,0
1130,2025,5,2025-04-20,Saudi Arabia,Saudi Arabian GP,SAU,Formula 1 stc Saudi Arabian Grand Prix 2025,jeddah,Jeddah,Jeddah Corniche Circuit,saudi-arabia,Saudi Arabia,SA,50,308.45,6.174,27,Street,Anti_Clockwise,0,1,0,2025 · Saudi Arabian GP,R05,202505,0
1131,2025,6,2025-05-04,Miami,Miami GP,MIA,Formula 1 Crypto.com Miami Grand Prix 2025,miami,Miami,Miami International Autodrome,united-states-of-america,United States of America,US,57,308.326,5.412,19,Street,Anti_Clockwise,1,1,0,2025 · Miami GP,R06,202506,0
1132,2025,7,2025-05-18,Emilia Romagna,Emilia Romagna GP,EMR,Formula 1 AWS Gran Premio del Made in Italy e dell'Emilia Romagna 2025,imola,Enzo e Dino Ferrari,Autodromo Internazionale Enzo e Dino Ferrari,italy,Italy,IT,63,309.049,4.909,19,Race,Anti_Clockwise,0,1,0,2025 · Emilia Romagna GP,R07,202507,0
1133,2025,8,2025-05-25,Monaco,Monaco GP,MCO,Formula 1 TAG Heuer Grand Prix de Monaco 2025,monaco,Monaco,Circuit de Monaco,monaco,Monaco,MC,78,260.286,3.337,19,Street,Clockwise,0,1,1,2025 · Monaco GP,R08,202508,0
1134,2025,9,2025-06-01,Spain,Spanish GP,ESP,Formula 1 Aramco Gran Premio de España 2025,catalunya,Catalunya,Circuit de Barcelona-Catalunya,spain,Spain,ES,66,307.236,4.657,14,Race,Clockwise,0,1,1,2025 · Spanish GP,R09,202509,0
1135,2025,10,2025-06-15,Canada,Canadian GP,CAN,Formula 1 Pirelli Grand Prix du Canada 2025,montreal,Gilles Villeneuve,Circuit Gilles Villeneuve,canada,Canada,CA,70,305.27,4.361,14,Street,Clockwise,0,1,1,2025 · Canadian GP,R10,202510,0
1136,2025,11,2025-06-29,Austria,Austrian GP,AUT,Formula 1 MSC Cruises Austrian Grand Prix 2025,spielberg,Red Bull Ring,Red Bull Ring,austria,Austria,AT,70,302.692,4.326,10,Race,Clockwise,0,1,0,2025 · Austrian GP,R11,202511,0
1137,2025,12,2025-07-06,Great Britain,British GP,GBR,Formula 1 Qatar Airways British Grand Prix 2025,silverstone,Silverstone,Silverstone Circuit,united-kingdom,United Kingdom,GB,52,306.198,5.891,18,Race,Clockwise,0,1,1,2025 · British GP,R12,202512,0
1138,2025,13,2025-07-27,Belgium,Belgian GP,BEL,Formula 1 Moët & Chandon Belgian Grand Prix 2025,spa-francorchamps,Spa-Francorchamps,Circuit de Spa-Francorchamps,belgium,Belgium,BE,44,308.052,7.004,19,Race,Clockwise,1,1,1,2025 · Belgian GP,R13,202513,0
1139,2025,14,2025-08-03,Hungary,Hungarian GP,HUN,Formula 1 Lenovo Hungarian Grand Prix 2025,hungaroring,Hungaroring,Hungaroring,hungary,Hungary,HU,70,306.63,4.381,14,Race,Clockwise,0,1,1,2025 · Hungarian GP,R14,202514,0
1140,2025,15,2025-08-31,Netherlands,Dutch GP,NLD,Formula 1 Heineken Dutch Grand Prix 2025,zandvoort,Zandvoort,Circuit Park Zandvoort,netherlands,Netherlands,NL,72,306.587,4.259,14,Race,Clockwise,0,1,0,2025 · Dutch GP,R15,202515,0
1141,2025,16,2025-09-07,Italy,Italian GP,ITA,Formula 1 Pirelli Gran Premio d'Italia 2025,monza,Monza,Autodromo Nazionale Monza,italy,Italy,IT,53,306.72,5.793,11,Race,Clockwise,0,1,1,2025 · Italian GP,R16,202516,0
1142,2025,17,2025-09-21,Azerbaijan,Azerbaijan GP,AZE,Formula 1 Qatar Airways Azerbaijan Grand Prix 2025,baku,Baku,Baku City Circuit,azerbaijan,Azerbaijan,AZ,51,306.049,6.003,20,Street,Anti_Clockwise,0,1,0,2025 · Azerbaijan GP,R17,202517,0
1143,2025,18,2025-10-05,Singapore,Singapore GP,SGP,Formula 1 Singapore Airlines Singapore Grand Prix 2025,marina-bay,Marina Bay,Marina Bay Street Circuit,singapore,Singapore,SG,62,305.337,4.927,19,Street,Anti_Clockwise,0,1,0,2025 · Singapore GP,R18,202518,0
1144,2025,19,2025-10-19,United States,United States GP,USA,Formula 1 MSC Cruises United States Grand Prix 2025,austin,Americas,Circuit of the Americas,united-states-of-america,United States of America,US,56,308.405,5.513,20,Race,Anti_Clockwise,1,1,0,2025 · United States GP,R19,202519,0
1145,2025,20,2025-10-26,Mexico,Mexican GP,MEX,Formula 1 Gran Premio de la Ciudad de México 2025,mexico-city,Hermanos Rodríguez,Autódromo Hermanos Rodríguez,mexico,Mexico,MX,71,305.354,4.304,17,Race,Clockwise,0,1,0,2025 · Mexican GP,R20,202520,0
1146,2025,21,2025-11-09,São Paulo,São Paulo GP,SAO,Formula 1 MSC Cruises Grande Prêmio de São Paulo 2025,interlagos,José Carlos Pace,Autódromo José Carlos Pace,brazil,Brazil,BR,71,305.879,4.309,15,Race,Anti_Clockwise,1,1,1,2025 · São Paulo GP,R21,202521,0
1147,2025,22,2025-11-23,Las Vegas,Las Vegas GP,LAS,Formula 1 Heineken Las Vegas Grand Prix 2025,las-vegas,Las Vegas,Las Vegas Street Circuit,united-states-of-america,United States of America,US,50,309.958,6.201,17,Street,Anti_Clockwise,0,1,0,2025 · Las Vegas GP,R22,202522,0
1148,2025,23,2025-11-30,Qatar,Qatar GP,QAT,Formula 1 Qatar Airways Qatar Grand Prix 2025,lusail,Lusail,Lusail International Circuit,qatar,Qatar,QA,57,308.611,5.419,16,Race,Clockwise,1,1,0,2025 · Qatar GP,R23,202523,0
1149,2025,24,2025-12-07,Abu Dhabi,Abu Dhabi GP,ABD,Formula 1 Etihad Airways Abu Dhabi Grand Prix 2025,yas-marina,Yas Marina,Yas Marina Circuit,united-arab-emirates,United Arab Emirates,AE,58,306.183,5.281,16,Race,Anti_Clockwise,0,1,0,2025 · Abu Dhabi GP,R24,202524,1
1150,2026,1,2026-03-08,Australia,Australian GP,AUS,Formula 1 Qatar Airways Australian Grand Prix 2026,melbourne,Melbourne,Melbourne Grand Prix Circuit,australia,Australia,AU,58,306.124,5.278,14,Street,Clockwise,0,1,1,2026 · Australian GP,R01,202601,0
1151,2026,2,2026-03-15,China,Chinese GP,CHN,Formula 1 Heineken Chinese Grand Prix 2026,shanghai,Shanghai,Shanghai International Circuit,china,China,CN,56,305.066,5.451,16,Race,Clockwise,1,1,0,2026 · Chinese GP,R02,202602,0
1152,2026,3,2026-03-29,Japan,Japanese GP,JPN,Formula 1 Aramco Japanese Grand Prix 2026,suzuka,Suzuka,Suzuka Circuit,japan,Japan,JP,53,307.471,5.807,18,Race,Clockwise,0,1,1,2026 · Japanese GP,R03,202603,0
1153,2026,4,2026-05-03,Miami,Miami GP,MIA,Formula 1 Crypto.com Miami Grand Prix 2026,miami,Miami,Miami International Autodrome,united-states-of-america,United States of America,US,57,308.326,5.412,19,Street,Anti_Clockwise,1,1,0,2026 · Miami GP,R04,202604,0
1154,2026,5,2026-05-24,Canada,Canadian GP,CAN,Formula 1 Lenovo Grand Prix du Canada 2026,montreal,Gilles Villeneuve,Circuit Gilles Villeneuve,canada,Canada,CA,68,296.548,4.361,14,Street,Clockwise,1,1,1,2026 · Canadian GP,R05,202605,0
1155,2026,6,2026-06-07,Monaco,Monaco GP,MCO,Formula 1 Louis Vuitton Grand Prix de Monaco 2026,monaco,Monaco,Circuit de Monaco,monaco,Monaco,MC,78,260.286,3.337,19,Street,Clockwise,0,1,1,2026 · Monaco GP,R06,202606,0
1156,2026,7,2026-06-14,Barcelona-Catalunya,Barcelona-Catalunya GP,BAR,Formula 1 MSC Cruises Gran Premio de Barcelona-Catalunya 2026,catalunya,Catalunya,Circuit de Barcelona-Catalunya,spain,Spain,ES,66,307.236,4.657,14,Race,Clockwise,0,1,1,2026 · Barcelona-Catalunya GP,R07,202607,0
1157,2026,8,2026-06-28,Austria,Austrian GP,AUT,Formula 1 Lenovo Austrian Grand Prix 2026,spielberg,Red Bull Ring,Red Bull Ring,austria,Austria,AT,71,307.018,4.326,10,Race,Clockwise,0,1,0,2026 · Austrian GP,R08,202608,0
1158,2026,9,2026-07-05,Great Britain,British GP,GBR,Formula 1 Pirelli British Grand Prix 2026,silverstone,Silverstone,Silverstone Circuit,united-kingdom,United Kingdom,GB,52,306.198,5.891,18,Race,Clockwise,1,1,1,2026 · British GP,R09,202609,0
1159,2026,10,2026-07-19,Belgium,Belgian GP,BEL,Formula 1 Moët & Chandon Belgian Grand Prix 2026,spa-francorchamps,Spa-Francorchamps,Circuit de Spa-Francorchamps,belgium,Belgium,BE,44,308.052,7.004,19,Race,Clockwise,0,1,1,2026 · Belgian GP,R10,202610,0
1160,2026,11,2026-07-26,Hungary,Hungarian GP,HUN,Formula 1 AWS Hungarian Grand Prix 2026,hungaroring,Hungaroring,Hungaroring,hungary,Hungary,HU,70,306.63,4.381,14,Race,Clockwise,0,1,1,2026 · Hungarian GP,R11,202611,0
1161,2026,12,2026-08-23,Netherlands,Dutch GP,NLD,Formula 1 Heineken Dutch Grand Prix 2026,zandvoort,Zandvoort,Circuit Park Zandvoort,netherlands,Netherlands,NL,72,306.587,4.259,14,Race,Clockwise,1,1,0,2026 · Dutch GP,R12,202612,0
1162,2026,13,2026-09-06,Italy,Italian GP,ITA,Formula 1 Pirelli Gran Premio d'Italia 2026,monza,Monza,Autodromo Nazionale Monza,italy,Italy,IT,53,306.72,5.793,11,Race,Clockwise,0,1,1,2026 · Italian GP,R13,202613,0
1163,2026,14,2026-09-13,Spain,Spanish GP,ESP,Formula 1 TAG Heuer Gran Premio de España 2026,madring,Madring,Circuito de Madring,spain,Spain,ES,57,308.524,5.416,22,Street,Clockwise,0,0,0,2026 · Spanish GP,R14,202614,0
1164,2026,15,2026-09-26,Azerbaijan,Azerbaijan GP,AZE,Formula 1 Qatar Airways Azerbaijan Grand Prix 2026,baku,Baku,Baku City Circuit,azerbaijan,Azerbaijan,AZ,51,306.049,6.003,20,Street,Anti_Clockwise,0,0,0,2026 · Azerbaijan GP,R15,202615,0
1165,2026,16,2026-10-04,Bahrain,Bahrain GP,BHR,Formula 1 Gulf Air Bahrain Grand Prix in Malaysia 2026,sepang,Sepang,Sepang International Circuit,malaysia,Malaysia,MY,56,310.408,5.543,15,Race,Clockwise,0,0,0,2026 · Bahrain GP,R16,202616,0
1166,2026,17,2026-10-11,Singapore,Singapore GP,SGP,Formula 1 Singapore Airlines Singapore Grand Prix 2026,marina-bay,Marina Bay,Marina Bay Street Circuit,singapore,Singapore,SG,62,305.337,4.927,19,Street,Anti_Clockwise,1,0,0,2026 · Singapore GP,R17,202617,0
1167,2026,18,2026-10-25,United States,United States GP,USA,Formula 1 MSC Cruises United States Grand Prix 2026,austin,Americas,Circuit of the Americas,united-states-of-america,United States of America,US,56,308.405,5.513,20,Race,Anti_Clockwise,0,0,0,2026 · United States GP,R18,202618,0
1168,2026,19,2026-11-01,Mexico,Mexican GP,MEX,Formula 1 Gran Premio de la Ciudad de México 2026,mexico-city,Hermanos Rodríguez,Autódromo Hermanos Rodríguez,mexico,Mexico,MX,71,305.354,4.304,17,Race,Clockwise,0,0,0,2026 · Mexican GP,R19,202619,0
1169,2026,20,2026-11-08,São Paulo,São Paulo GP,SAO,Formula 1 MSC Cruises Grande Prêmio de São Paulo 2026,interlagos,José Carlos Pace,Autódromo José Carlos Pace,brazil,Brazil,BR,71,305.879,4.309,15,Race,Anti_Clockwise,0,0,1,2026 · São Paulo GP,R20,202620,0
1170,2026,21,2026-11-22,Las Vegas,Las Vegas GP,LAS,Formula 1 Heineken Las Vegas Grand Prix 2026,las-vegas,Las Vegas,Las Vegas Street Circuit,united-states-of-america,United States of America,US,50,309.958,6.201,17,Street,Anti_Clockwise,0,0,0,2026 · Las Vegas GP,R21,202621,0
1171,2026,22,2026-11-29,Qatar,Qatar GP,QAT,Formula 1 Qatar Airways Qatar Grand Prix 2026,lusail,Lusail,Lusail International Circuit,qatar,Qatar,QA,57,308.611,5.419,16,Race,Clockwise,0,0,0,2026 · Qatar GP,R22,202622,0
1172,2026,23,2026-12-06,Abu Dhabi,Abu Dhabi GP,ABD,Formula 1 Etihad Airways Abu Dhabi Grand Prix 2026,yas-marina,Yas Marina,Yas Marina Circuit,united-arab-emirates,United Arab Emirates,AE,58,306.183,5.281,16,Race,Anti_Clockwise,0,0,0,2026 · Abu Dhabi GP,R23,202623,0
