RaceKey,Year,Round,ConstructorId,StandingPoints,StandingPosition,ChampionshipWon,IsLatestRound
898,2014,1,mclaren,33.0,1,0,0
898,2014,1,mercedes,25.0,2,0,0
898,2014,1,ferrari,18.0,3,0,0
898,2014,1,williams,10.0,4,0,0
898,2014,1,force-india,9.0,5,0,0
898,2014,1,toro-rosso,6.0,6,0,0
898,2014,1,sauber,0,7,0,0
898,2014,1,marussia,0,8,0,0
899,2014,2,mercedes,68.0,1,0,0
899,2014,2,mclaren,43.0,2,0,0
899,2014,2,ferrari,30.0,3,0,0
899,2014,2,williams,20.0,4,0,0
899,2014,2,force-india,19.0,5,0,0
899,2014,2,red-bull,15.0,6,0,0
899,2014,2,toro-rosso,7.0,7,0,0
899,2014,2,sauber,0,8,0,0
899,2014,2,lotus-f1,0,9,0,0
899,2014,2,caterham,0,10,0,0
899,2014,2,marussia,0,11,0,0
900,2014,3,mercedes,111.0,1,0,0
900,2014,3,force-india,44.0,2,0,0
900,2014,3,mclaren,43.0,3,0,0
900,2014,3,red-bull,35.0,4,0,0
900,2014,3,ferrari,33.0,5,0,0
900,2014,3,williams,30.0,6,0,0
900,2014,3,toro-rosso,7.0,7,0,0
900,2014,3,lotus-f1,0,8,0,0
900,2014,3,sauber,0,9,0,0
900,2014,3,marussia,0,10,0,0
900,2014,3,caterham,0,11,0,0
901,2014,4,mercedes,154.0,1,0,0
901,2014,4,red-bull,57.0,2,0,0
901,2014,4,force-india,54.0,3,0,0
901,2014,4,ferrari,52.0,4,0,0
901,2014,4,mclaren,43.0,5,0,0
901,2014,4,williams,36.0,6,0,0
901,2014,4,toro-rosso,8.0,7,0,0
901,2014,4,lotus-f1,0,8,0,0
901,2014,4,sauber,0,9,0,0
901,2014,4,marussia,0,10,0,0
901,2014,4,caterham,0,11,0,0
902,2014,5,mercedes,197.0,1,0,0
902,2014,5,red-bull,84.0,2,0,0
902,2014,5,ferrari,66.0,3,0,0
902,2014,5,force-india,57.0,4,0,0
902,2014,5,williams,46.0,5,0,0
902,2014,5,mclaren,43.0,6,0,0
902,2014,5,toro-rosso,8.0,7,0,0
902,2014,5,lotus-f1,4.0,8,0,0
902,2014,5,sauber,0,9,0,0
902,2014,5,marussia,0,10,0,0
902,2014,5,caterham,0,11,0,0
903,2014,6,mercedes,240.0,1,0,0
903,2014,6,red-bull,99.0,2,0,0
903,2014,6,ferrari,78.0,3,0,0
903,2014,6,force-india,67.0,4,0,0
903,2014,6,mclaren,52.0,5,0,0
903,2014,6,williams,52.0,6,0,0
903,2014,6,lotus-f1,8.0,7,0,0
903,2014,6,toro-rosso,8.0,8,0,0
903,2014,6,marussia,2.0,9,0,0
903,2014,6,sauber,0,10,0,0
903,2014,6,caterham,0,11,0,0
904,2014,7,mercedes,258.0,1,0,0
904,2014,7,red-bull,139.0,2,0,0
904,2014,7,ferrari,87.0,3,0,0
904,2014,7,force-india,77.0,4,0,0
904,2014,7,mclaren,66.0,5,0,0
904,2014,7,williams,58.0,6,0,0
904,2014,7,toro-rosso,12.0,7,0,0
904,2014,7,lotus-f1,8.0,8,0,0
904,2014,7,marussia,2.0,9,0,0
904,2014,7,sauber,0,10,0,0
904,2014,7,caterham,0,11,0,0
905,2014,8,mercedes,301.0,1,0,0
905,2014,8,red-bull,143.0,2,0,0
905,2014,8,ferrari,98.0,3,0,0
905,2014,8,force-india,87.0,4,0,0
905,2014,8,williams,85.0,5,0,0
905,2014,8,mclaren,72.0,6,0,0
905,2014,8,toro-rosso,12.0,7,0,0
905,2014,8,lotus-f1,8.0,8,0,0
905,2014,8,marussia,2.0,9,0,0
905,2014,8,sauber,0,10,0,0
905,2014,8,caterham,0,11,0,0
906,2014,9,mercedes,326.0,1,0,0
906,2014,9,red-bull,168.0,2,0,0
906,2014,9,ferrari,106.0,3,0,0
906,2014,9,williams,103.0,4,0,0
906,2014,9,force-india,91.0,5,0,0
906,2014,9,mclaren,90.0,6,0,0
906,2014,9,toro-rosso,15.0,7,0,0
906,2014,9,lotus-f1,8.0,8,0,0
906,2014,9,marussia,2.0,9,0,0
906,2014,9,sauber,0,10,0,0
906,2014,9,caterham,0,11,0,0
907,2014,10,mercedes,366.0,1,0,0
907,2014,10,red-bull,188.0,2,0,0
907,2014,10,williams,121.0,3,0,0
907,2014,10,ferrari,116.0,4,0,0
907,2014,10,force-india,98.0,5,0,0
907,2014,10,mclaren,96.0,6,0,0
907,2014,10,toro-rosso,15.0,7,0,0
907,2014,10,lotus-f1,8.0,8,0,0
907,2014,10,marussia,2.0,9,0,0
907,2014,10,sauber,0,10,0,0
907,2014,10,caterham,0,11,0,0
908,2014,11,mercedes,393.0,1,0,0
908,2014,11,red-bull,219.0,2,0,0
908,2014,11,ferrari,142.0,3,0,0
908,2014,11,williams,135.0,4,0,0
908,2014,11,force-india,98.0,5,0,0
908,2014,11,mclaren,97.0,6,0,0
908,2014,11,toro-rosso,17.0,7,0,0
908,2014,11,lotus-f1,8.0,8,0,0
908,2014,11,marussia,2.0,9,0,0
908,2014,11,sauber,0,10,0,0
908,2014,11,caterham,0,11,0,0
909,2014,12,mercedes,411.0,1,0,0
909,2014,12,red-bull,254.0,2,0,0
909,2014,12,ferrari,160.0,3,0,0
909,2014,12,williams,150.0,4,0,0
909,2014,12,mclaren,105.0,5,0,0
909,2014,12,force-india,103.0,6,0,0
909,2014,12,toro-rosso,19.0,7,0,0
909,2014,12,lotus-f1,8.0,8,0,0
909,2014,12,marussia,2.0,9,0,0
909,2014,12,sauber,0,10,0,0
909,2014,12,caterham,0,11,0,0
910,2014,13,mercedes,454.0,1,0,0
910,2014,13,red-bull,272.0,2,0,0
910,2014,13,williams,177.0,3,0,0
910,2014,13,ferrari,162.0,4,0,0
910,2014,13,mclaren,110.0,5,0,0
910,2014,13,force-india,109.0,6,0,0
910,2014,13,toro-rosso,19.0,7,0,0
910,2014,13,lotus-f1,8.0,8,0,0
910,2014,13,marussia,2.0,9,0,0
910,2014,13,sauber,0,10,0,0
910,2014,13,caterham,0,11,0,0
911,2014,14,mercedes,479.0,1,0,0
911,2014,14,red-bull,305.0,2,0,0
911,2014,14,williams,187.0,3,0,0
911,2014,14,ferrari,178.0,4,0,0
911,2014,14,force-india,117.0,5,0,0
911,2014,14,mclaren,111.0,6,0,0
911,2014,14,toro-rosso,27.0,7,0,0
911,2014,14,lotus-f1,8.0,8,0,0
911,2014,14,marussia,2.0,9,0,0
911,2014,14,sauber,0,10,0,0
911,2014,14,caterham,0,11,0,0
912,2014,15,mercedes,522.0,1,0,0
912,2014,15,red-bull,332.0,2,0,0
912,2014,15,williams,201.0,3,0,0
912,2014,15,ferrari,178.0,4,0,0
912,2014,15,force-india,122.0,5,0,0
912,2014,15,mclaren,121.0,6,0,0
912,2014,15,toro-rosso,29.0,7,0,0
912,2014,15,lotus-f1,8.0,8,0,0
912,2014,15,marussia,2.0,9,0,0
912,2014,15,sauber,0,10,0,0
912,2014,15,caterham,0,11,0,0
913,2014,16,mercedes,565.0,1,1,0
913,2014,16,red-bull,342.0,2,0,0
913,2014,16,williams,216.0,3,0,0
913,2014,16,ferrari,188.0,4,0,0
913,2014,16,mclaren,143.0,5,0,0
913,2014,16,force-india,123.0,6,0,0
913,2014,16,toro-rosso,29.0,7,0,0
913,2014,16,lotus-f1,8.0,8,0,0
913,2014,16,marussia,2.0,9,0,0
913,2014,16,sauber,0,10,0,0
913,2014,16,caterham,0,11,0,0
914,2014,17,mercedes,608.0,1,1,0
914,2014,17,red-bull,363.0,2,0,0
914,2014,17,williams,238.0,3,0,0
914,2014,17,ferrari,196.0,4,0,0
914,2014,17,mclaren,147.0,5,0,0
914,2014,17,force-india,123.0,6,0,0
914,2014,17,toro-rosso,30.0,7,0,0
914,2014,17,lotus-f1,10.0,8,0,0
914,2014,17,marussia,2.0,9,0,0
914,2014,17,sauber,0,10,0,0
914,2014,17,caterham,0,11,0,0
915,2014,18,mercedes,651.0,1,1,0
915,2014,18,red-bull,373.0,2,0,0
915,2014,18,williams,254.0,3,0,0
915,2014,18,ferrari,210.0,4,0,0
915,2014,18,mclaren,161.0,5,0,0
915,2014,18,force-india,127.0,6,0,0
915,2014,18,toro-rosso,30.0,7,0,0
915,2014,18,lotus-f1,10.0,8,0,0
915,2014,18,marussia,2.0,9,0,0
915,2014,18,sauber,0,10,0,0
915,2014,18,caterham,0,11,0,0
916,2014,19,mercedes,701.0,1,1,1
916,2014,19,red-bull,405.0,2,0,1
916,2014,19,williams,320.0,3,0,1
916,2014,19,ferrari,216.0,4,0,1
916,2014,19,mclaren,181.0,5,0,1
916,2014,19,force-india,155.0,6,0,1
916,2014,19,toro-rosso,30.0,7,0,1
916,2014,19,lotus-f1,10.0,8,0,1
916,2014,19,marussia,2.0,9,0,1
916,2014,19,sauber,0,10,0,1
916,2014,19,caterham,0,11,0,1
917,2015,1,mercedes,43.0,1,0,0
917,2015,1,ferrari,15.0,2,0,0
917,2015,1,sauber,14.0,3,0,0
917,2015,1,williams,12.0,4,0,0
917,2015,1,red-bull,8.0,5,0,0
917,2015,1,force-india,7.0,6,0,0
917,2015,1,toro-rosso,2.0,7,0,0
917,2015,1,mclaren,0,8,0,0
918,2015,2,mercedes,76.0,1,0,0
918,2015,2,ferrari,52.0,2,0,0
918,2015,2,williams,30.0,3,0,0
918,2015,2,sauber,14.0,4,0,0
918,2015,2,toro-rosso,12.0,5,0,0
918,2015,2,red-bull,11.0,6,0,0
918,2015,2,force-india,7.0,7,0,0
918,2015,2,mclaren,0,8,0,0
918,2015,2,lotus-f1,0,8,0,0
918,2015,2,marussia,0,10,0,0
919,2015,3,mercedes,119.0,1,0,0
919,2015,3,ferrari,79.0,2,0,0
919,2015,3,williams,48.0,3,0,0
919,2015,3,sauber,19.0,4,0,0
919,2015,3,red-bull,13.0,5,0,0
919,2015,3,toro-rosso,12.0,6,0,0
919,2015,3,force-india,7.0,7,0,0
919,2015,3,lotus-f1,6.0,8,0,0
919,2015,3,mclaren,0,9,0,0
919,2015,3,marussia,0,10,0,0
920,2015,4,mercedes,159.0,1,0,0
920,2015,4,ferrari,107.0,2,0,0
920,2015,4,williams,61.0,3,0,0
920,2015,4,red-bull,23.0,4,0,0
920,2015,4,sauber,19.0,5,0,0
920,2015,4,lotus-f1,12.0,6,0,0
920,2015,4,toro-rosso,12.0,7,0,0
920,2015,4,force-india,11.0,8,0,0
920,2015,4,mclaren,0,9,0,0
920,2015,4,marussia,0,10,0,0
921,2015,5,mercedes,202.0,1,0,0
921,2015,5,ferrari,132.0,2,0,0
921,2015,5,williams,81.0,3,0,0
921,2015,5,red-bull,30.0,4,0,0
921,2015,5,sauber,19.0,5,0,0
921,2015,5,lotus-f1,16.0,6,0,0
921,2015,5,toro-rosso,14.0,7,0,0
921,2015,5,force-india,11.0,8,0,0
921,2015,5,mclaren,0,9,0,0
921,2015,5,marussia,0,10,0,0
922,2015,6,mercedes,242.0,1,0,0
922,2015,6,ferrari,158.0,2,0,0
922,2015,6,williams,81.0,3,0,0
922,2015,6,red-bull,52.0,4,0,0
922,2015,6,sauber,21.0,5,0,0
922,2015,6,force-india,17.0,6,0,0
922,2015,6,lotus-f1,16.0,7,0,0
922,2015,6,toro-rosso,15.0,8,0,0
922,2015,6,mclaren,4.0,9,0,0
922,2015,6,marussia,0,10,0,0
923,2015,7,mercedes,285.0,1,0,0
923,2015,7,ferrari,180.0,2,0,0
923,2015,7,williams,104.0,3,0,0
923,2015,7,red-bull,54.0,4,0,0
923,2015,7,lotus-f1,23.0,5,0,0
923,2015,7,sauber,21.0,6,0,0
923,2015,7,force-india,21.0,7,0,0
923,2015,7,toro-rosso,15.0,8,0,0
923,2015,7,mclaren,4.0,9,0,0
923,2015,7,marussia,0,10,0,0
924,2015,8,mercedes,328.0,1,0,0
924,2015,8,ferrari,192.0,2,0,0
924,2015,8,williams,129.0,3,0,0
924,2015,8,red-bull,55.0,4,0,0
924,2015,8,force-india,31.0,5,0,0
924,2015,8,lotus-f1,29.0,6,0,0
924,2015,8,sauber,21.0,7,0,0
924,2015,8,toro-rosso,19.0,8,0,0
924,2015,8,mclaren,4.0,9,0,0
924,2015,8,marussia,0,10,0,0
925,2015,9,mercedes,371.0,1,0,0
925,2015,9,ferrari,211.0,2,0,0
925,2015,9,williams,151.0,3,0,0
925,2015,9,red-bull,63.0,4,0,0
925,2015,9,force-india,39.0,5,0,0
925,2015,9,lotus-f1,29.0,6,0,0
925,2015,9,sauber,21.0,7,0,0
925,2015,9,toro-rosso,19.0,8,0,0
925,2015,9,mclaren,5.0,9,0,0
925,2015,9,marussia,0,10,0,0
926,2015,10,mercedes,383.0,1,0,0
926,2015,10,ferrari,236.0,2,0,0
926,2015,10,williams,151.0,3,0,0
926,2015,10,red-bull,96.0,4,0,0
926,2015,10,force-india,39.0,5,0,0
926,2015,10,lotus-f1,35.0,6,0,0
926,2015,10,toro-rosso,31.0,7,0,0
926,2015,10,sauber,22.0,8,0,0
926,2015,10,mclaren,17.0,9,0,0
926,2015,10,marussia,0,10,0,0
927,2015,11,mercedes,426.0,1,0,0
927,2015,11,ferrari,242.0,2,0,0
927,2015,11,williams,161.0,3,0,0
927,2015,11,red-bull,108.0,4,0,0
927,2015,11,lotus-f1,50.0,5,0,0
927,2015,11,force-india,49.0,6,0,0
927,2015,11,toro-rosso,35.0,7,0,0
927,2015,11,sauber,23.0,8,0,0
927,2015,11,mclaren,17.0,9,0,0
927,2015,11,marussia,0,10,0,0
928,2015,12,mercedes,451.0,1,0,0
928,2015,12,ferrari,270.0,2,0,0
928,2015,12,williams,188.0,3,0,0
928,2015,12,red-bull,113.0,4,0,0
928,2015,12,force-india,63.0,5,0,0
928,2015,12,lotus-f1,50.0,6,0,0
928,2015,12,toro-rosso,35.0,7,0,0
928,2015,12,sauber,25.0,8,0,0
928,2015,12,mclaren,17.0,9,0,0
928,2015,12,marussia,0,10,0,0
929,2015,13,mercedes,463.0,1,0,0
929,2015,13,ferrari,310.0,2,0,0
929,2015,13,williams,198.0,3,0,0
929,2015,13,red-bull,139.0,4,0,0
929,2015,13,force-india,69.0,5,0,0
929,2015,13,lotus-f1,50.0,6,0,0
929,2015,13,toro-rosso,41.0,7,0,0
929,2015,13,sauber,26.0,8,0,0
929,2015,13,mclaren,17.0,9,0,0
929,2015,13,marussia,0,10,0,0
930,2015,14,mercedes,506.0,1,0,0
930,2015,14,ferrari,337.0,2,0,0
930,2015,14,williams,208.0,3,0,0
930,2015,14,red-bull,139.0,4,0,0
930,2015,14,force-india,77.0,5,0,0
930,2015,14,lotus-f1,60.0,6,0,0
930,2015,14,toro-rosso,44.0,7,0,0
930,2015,14,sauber,26.0,8,0,0
930,2015,14,mclaren,17.0,9,0,0
930,2015,14,marussia,0,10,0,0
931,2015,15,mercedes,531.0,1,1,0
931,2015,15,ferrari,359.0,2,0,0
931,2015,15,williams,220.0,3,0,0
931,2015,15,red-bull,149.0,4,0,0
931,2015,15,force-india,92.0,5,0,0
931,2015,15,lotus-f1,66.0,6,0,0
931,2015,15,toro-rosso,45.0,7,0,0
931,2015,15,sauber,34.0,8,0,0
931,2015,15,mclaren,19.0,9,0,0
931,2015,15,marussia,0,10,0,0
932,2015,16,mercedes,574.0,1,1,0
932,2015,16,ferrari,374.0,2,0,0
932,2015,16,williams,220.0,3,0,0
932,2015,16,red-bull,150.0,4,0,0
932,2015,16,force-india,102.0,5,0,0
932,2015,16,lotus-f1,70.0,6,0,0
932,2015,16,toro-rosso,63.0,7,0,0
932,2015,16,sauber,36.0,8,0,0
932,2015,16,mclaren,27.0,9,0,0
932,2015,16,marussia,0,10,0,0
933,2015,17,mercedes,617.0,1,1,0
933,2015,17,ferrari,374.0,2,0,0
933,2015,17,williams,243.0,3,0,0
933,2015,17,red-bull,172.0,4,0,0
933,2015,17,force-india,112.0,5,0,0
933,2015,17,lotus-f1,71.0,6,0,0
933,2015,17,toro-rosso,65.0,7,0,0
933,2015,17,sauber,36.0,8,0,0
933,2015,17,mclaren,27.0,9,0,0
933,2015,17,marussia,0,10,0,0
934,2015,18,mercedes,660.0,1,1,0
934,2015,18,ferrari,401.0,2,0,0
934,2015,18,williams,253.0,3,0,0
934,2015,18,red-bull,178.0,4,0,0
934,2015,18,force-india,120.0,5,0,0
934,2015,18,lotus-f1,76.0,6,0,0
934,2015,18,toro-rosso,67.0,7,0,0
934,2015,18,sauber,36.0,8,0,0
934,2015,18,mclaren,27.0,9,0,0
934,2015,18,marussia,0,10,0,0
935,2015,19,mercedes,703.0,1,1,1
935,2015,19,ferrari,428.0,2,0,1
935,2015,19,williams,257.0,3,0,1
935,2015,19,red-bull,187.0,4,0,1
935,2015,19,force-india,136.0,5,0,1
935,2015,19,lotus-f1,78.0,6,0,1
935,2015,19,toro-rosso,67.0,7,0,1
935,2015,19,sauber,36.0,8,0,1
935,2015,19,mclaren,27.0,9,0,1
935,2015,19,marussia,0,10,0,1
936,2016,1,mercedes,43.0,1,0,0
936,2016,1,ferrari,15.0,2,0,0
936,2016,1,williams,14.0,3,0,0
936,2016,1,red-bull,12.0,4,0,0
936,2016,1,haas,8.0,5,0,0
936,2016,1,force-india,6.0,6,0,0
936,2016,1,toro-rosso,3.0,7,0,0
936,2016,1,renault,0,8,0,0
936,2016,1,mclaren,0,9,0,0
936,2016,1,sauber,0,10,0,0
936,2016,1,manor,0,11,0,0
937,2016,2,mercedes,83.0,1,0,0
937,2016,2,ferrari,33.0,2,0,0
937,2016,2,red-bull,30.0,3,0,0
937,2016,2,williams,20.0,4,0,0
937,2016,2,haas,18.0,5,0,0
937,2016,2,toro-rosso,11.0,6,0,0
937,2016,2,force-india,6.0,7,0,0
937,2016,2,mclaren,1.0,8,0,0
937,2016,2,renault,0,9,0,0
937,2016,2,sauber,0,10,0,0
937,2016,2,manor,0,11,0,0
938,2016,3,mercedes,114.0,1,0,0
938,2016,3,ferrari,61.0,2,0,0
938,2016,3,red-bull,57.0,3,0,0
938,2016,3,williams,29.0,4,0,0
938,2016,3,haas,18.0,5,0,0
938,2016,3,toro-rosso,17.0,6,0,0
938,2016,3,force-india,6.0,7,0,0
938,2016,3,mclaren,1.0,8,0,0
938,2016,3,renault,0,9,0,0
938,2016,3,sauber,0,10,0,0
938,2016,3,manor,0,11,0,0
939,2016,4,mercedes,157.0,1,0,0
939,2016,4,ferrari,76.0,2,0,0
939,2016,4,red-bull,57.0,3,0,0
939,2016,4,williams,51.0,4,0,0
939,2016,4,haas,22.0,5,0,0
939,2016,4,toro-rosso,17.0,6,0,0
939,2016,4,mclaren,10.0,7,0,0
939,2016,4,force-india,8.0,8,0,0
939,2016,4,renault,6.0,9,0,0
939,2016,4,sauber,0,10,0,0
939,2016,4,manor,0,11,0,0
940,2016,5,mercedes,157.0,1,0,0
940,2016,5,ferrari,109.0,2,0,0
940,2016,5,red-bull,94.0,3,0,0
940,2016,5,williams,65.0,4,0,0
940,2016,5,toro-rosso,26.0,5,0,0
940,2016,5,haas,22.0,6,0,0
940,2016,5,force-india,14.0,7,0,0
940,2016,5,mclaren,12.0,8,0,0
940,2016,5,renault,6.0,9,0,0
940,2016,5,sauber,0,10,0,0
940,2016,5,manor,0,11,0,0
941,2016,6,mercedes,188.0,1,0,0
941,2016,6,ferrari,121.0,2,0,0
941,2016,6,red-bull,112.0,3,0,0
941,2016,6,williams,66.0,4,0,0
941,2016,6,force-india,37.0,5,0,0
941,2016,6,toro-rosso,30.0,6,0,0
941,2016,6,mclaren,24.0,7,0,0
941,2016,6,haas,22.0,8,0,0
941,2016,6,renault,6.0,9,0,0
941,2016,6,sauber,0,10,0,0
941,2016,6,manor,0,11,0,0
942,2016,7,mercedes,223.0,1,0,0
942,2016,7,ferrari,147.0,2,0,0
942,2016,7,red-bull,130.0,3,0,0
942,2016,7,williams,81.0,4,0,0
942,2016,7,force-india,42.0,5,0,0
942,2016,7,toro-rosso,32.0,6,0,0
942,2016,7,mclaren,24.0,7,0,0
942,2016,7,haas,22.0,8,0,0
942,2016,7,renault,6.0,9,0,0
942,2016,7,sauber,0,10,0,0
942,2016,7,manor,0,11,0,0
943,2016,8,mercedes,258.0,1,0,0
943,2016,8,ferrari,177.0,2,0,0
943,2016,8,red-bull,140.0,3,0,0
943,2016,8,williams,90.0,4,0,0
943,2016,8,force-india,59.0,5,0,0
943,2016,8,toro-rosso,32.0,6,0,0
943,2016,8,mclaren,24.0,7,0,0
943,2016,8,haas,22.0,8,0,0
943,2016,8,renault,6.0,9,0,0
943,2016,8,sauber,0,10,0,0
943,2016,8,manor,0,11,0,0
944,2016,9,mercedes,295.0,1,0,0
944,2016,9,ferrari,192.0,2,0,0
944,2016,9,red-bull,168.0,3,0,0
944,2016,9,williams,92.0,4,0,0
944,2016,9,force-india,59.0,5,0,0
944,2016,9,toro-rosso,36.0,6,0,0
944,2016,9,mclaren,32.0,7,0,0
944,2016,9,haas,28.0,8,0,0
944,2016,9,renault,6.0,9,0,0
944,2016,9,manor,1.0,10,0,0
944,2016,9,sauber,0,11,0,0
945,2016,10,mercedes,335.0,1,0,0
945,2016,10,ferrari,204.0,2,0,0
945,2016,10,red-bull,198.0,3,0,0
945,2016,10,williams,92.0,4,0,0
945,2016,10,force-india,73.0,5,0,0
945,2016,10,toro-rosso,41.0,6,0,0
945,2016,10,mclaren,32.0,7,0,0
945,2016,10,haas,28.0,8,0,0
945,2016,10,renault,6.0,9,0,0
945,2016,10,manor,1.0,10,0,0
945,2016,10,sauber,0,11,0,0
946,2016,11,mercedes,378.0,1,0,0
946,2016,11,ferrari,224.0,2,0,0
946,2016,11,red-bull,223.0,3,0,0
946,2016,11,williams,94.0,4,0,0
946,2016,11,force-india,74.0,5,0,0
946,2016,11,toro-rosso,45.0,6,0,0
946,2016,11,mclaren,38.0,7,0,0
946,2016,11,haas,28.0,8,0,0
946,2016,11,renault,6.0,9,0,0
946,2016,11,manor,1.0,10,0,0
946,2016,11,sauber,0,11,0,0
947,2016,12,mercedes,415.0,1,0,0
947,2016,12,red-bull,256.0,2,0,0
947,2016,12,ferrari,242.0,3,0,0
947,2016,12,williams,96.0,4,0,0
947,2016,12,force-india,81.0,5,0,0
947,2016,12,toro-rosso,45.0,6,0,0
947,2016,12,mclaren,42.0,7,0,0
947,2016,12,haas,28.0,8,0,0
947,2016,12,renault,6.0,9,0,0
947,2016,12,manor,1.0,10,0,0
947,2016,12,sauber,0,11,0,0
948,2016,13,mercedes,455.0,1,0,0
948,2016,13,red-bull,274.0,2,0,0
948,2016,13,ferrari,252.0,3,0,0
948,2016,13,force-india,103.0,4,0,0
948,2016,13,williams,101.0,5,0,0
948,2016,13,mclaren,48.0,6,0,0
948,2016,13,toro-rosso,45.0,7,0,0
948,2016,13,haas,28.0,8,0,0
948,2016,13,renault,6.0,9,0,0
948,2016,13,manor,1.0,10,0,0
948,2016,13,sauber,0,11,0,0
949,2016,14,mercedes,498.0,1,0,0
949,2016,14,red-bull,290.0,2,0,0
949,2016,14,ferrari,279.0,3,0,0
949,2016,14,williams,111.0,4,0,0
949,2016,14,force-india,108.0,5,0,0
949,2016,14,mclaren,48.0,6,0,0
949,2016,14,toro-rosso,45.0,7,0,0
949,2016,14,haas,28.0,8,0,0
949,2016,14,renault,6.0,9,0,0
949,2016,14,manor,1.0,10,0,0
949,2016,14,sauber,0,11,0,0
950,2016,15,mercedes,538.0,1,0,0
950,2016,15,red-bull,316.0,2,0,0
950,2016,15,ferrari,301.0,3,0,0
950,2016,15,force-india,112.0,4,0,0
950,2016,15,williams,111.0,5,0,0
950,2016,15,mclaren,54.0,6,0,0
950,2016,15,toro-rosso,47.0,7,0,0
950,2016,15,haas,28.0,8,0,0
950,2016,15,renault,7.0,9,0,0
950,2016,15,manor,1.0,10,0,0
950,2016,15,sauber,0,11,0,0
951,2016,16,mercedes,553.0,1,0,0
951,2016,16,red-bull,359.0,2,0,0
951,2016,16,ferrari,313.0,3,0,0
951,2016,16,force-india,124.0,4,0,0
951,2016,16,williams,121.0,5,0,0
951,2016,16,mclaren,62.0,6,0,0
951,2016,16,toro-rosso,47.0,7,0,0
951,2016,16,haas,28.0,8,0,0
951,2016,16,renault,8.0,9,0,0
951,2016,16,manor,1.0,10,0,0
951,2016,16,sauber,0,11,0,0
952,2016,17,mercedes,593.0,1,1,0
952,2016,17,red-bull,385.0,2,0,0
952,2016,17,ferrari,335.0,3,0,0
952,2016,17,force-india,134.0,4,0,0
952,2016,17,williams,124.0,5,0,0
952,2016,17,mclaren,62.0,6,0,0
952,2016,17,toro-rosso,47.0,7,0,0
952,2016,17,haas,28.0,8,0,0
952,2016,17,renault,8.0,9,0,0
952,2016,17,manor,1.0,10,0,0
952,2016,17,sauber,0,11,0,0
953,2016,18,mercedes,636.0,1,1,0
953,2016,18,red-bull,400.0,2,0,0
953,2016,18,ferrari,347.0,3,0,0
953,2016,18,force-india,138.0,4,0,0
953,2016,18,williams,130.0,5,0,0
953,2016,18,mclaren,74.0,6,0,0
953,2016,18,toro-rosso,55.0,7,0,0
953,2016,18,haas,29.0,8,0,0
953,2016,18,renault,8.0,9,0,0
953,2016,18,manor,1.0,10,0,0
953,2016,18,sauber,0,11,0,0
954,2016,19,mercedes,679.0,1,1,0
954,2016,19,red-bull,427.0,2,0,0
954,2016,19,ferrari,365.0,3,0,0
954,2016,19,force-india,145.0,4,0,0
954,2016,19,williams,136.0,5,0,0
954,2016,19,mclaren,74.0,6,0,0
954,2016,19,toro-rosso,55.0,7,0,0
954,2016,19,haas,29.0,8,0,0
954,2016,19,renault,8.0,9,0,0
954,2016,19,manor,1.0,10,0,0
954,2016,19,sauber,0,11,0,0
955,2016,20,mercedes,722.0,1,1,0
955,2016,20,red-bull,446.0,2,0,0
955,2016,20,ferrari,375.0,3,0,0
955,2016,20,force-india,163.0,4,0,0
955,2016,20,williams,136.0,5,0,0
955,2016,20,mclaren,75.0,6,0,0
955,2016,20,toro-rosso,63.0,7,0,0
955,2016,20,haas,29.0,8,0,0
955,2016,20,renault,8.0,9,0,0
955,2016,20,sauber,2.0,10,0,0
955,2016,20,manor,1.0,11,0,0
956,2016,21,mercedes,765.0,1,1,1
956,2016,21,red-bull,468.0,2,0,1
956,2016,21,ferrari,398.0,3,0,1
956,2016,21,force-india,173.0,4,0,1
956,2016,21,williams,138.0,5,0,1
956,2016,21,mclaren,76.0,6,0,1
956,2016,21,toro-rosso,63.0,7,0,1
956,2016,21,haas,29.0,8,0,1
956,2016,21,renault,8.0,9,0,1
956,2016,21,sauber,2.0,10,0,1
956,2016,21,manor,1.0,11,0,1
957,2017,1,ferrari,37.0,1,0,0
957,2017,1,mercedes,33.0,2,0,0
957,2017,1,red-bull,10.0,3,0,0
957,2017,1,williams,8.0,4,0,0
957,2017,1,force-india,7.0,5,0,0
957,2017,1,toro-rosso,6.0,6,0,0
957,2017,1,renault,0,7,0,0
957,2017,1,sauber,0,8,0,0
957,2017,1,mclaren,0,9,0,0
958,2017,2,mercedes,66.0,1,0,0
958,2017,2,ferrari,65.0,2,0,0
958,2017,2,red-bull,37.0,3,0,0
958,2017,2,toro-rosso,12.0,4,0,0
958,2017,2,force-india,10.0,5,0,0
958,2017,2,williams,8.0,6,0,0
958,2017,2,haas,4.0,7,0,0
958,2017,2,renault,0,8,0,0
958,2017,2,sauber,0,9,0,0
958,2017,2,mclaren,0,10,0,0
959,2017,3,ferrari,102.0,1,0,0
959,2017,3,mercedes,99.0,2,0,0
959,2017,3,red-bull,47.0,3,0,0
959,2017,3,force-india,17.0,4,0,0
959,2017,3,williams,16.0,5,0,0
959,2017,3,toro-rosso,12.0,6,0,0
959,2017,3,haas,8.0,7,0,0
959,2017,3,renault,2.0,8,0,0
959,2017,3,sauber,0,9,0,0
959,2017,3,mclaren,0,10,0,0
960,2017,4,mercedes,136.0,1,0,0
960,2017,4,ferrari,135.0,2,0,0
960,2017,4,red-bull,57.0,3,0,0
960,2017,4,force-india,31.0,4,0,0
960,2017,4,williams,18.0,5,0,0
960,2017,4,toro-rosso,13.0,6,0,0
960,2017,4,haas,8.0,7,0,0
960,2017,4,renault,6.0,8,0,0
960,2017,4,sauber,0,9,0,0
960,2017,4,mclaren,0,10,0,0
961,2017,5,mercedes,161.0,1,0,0
961,2017,5,ferrari,153.0,2,0,0
961,2017,5,red-bull,72.0,3,0,0
961,2017,5,force-india,53.0,4,0,0
961,2017,5,toro-rosso,21.0,5,0,0
961,2017,5,williams,18.0,6,0,0
961,2017,5,renault,14.0,7,0,0
961,2017,5,haas,9.0,8,0,0
961,2017,5,sauber,4.0,9,0,0
961,2017,5,mclaren,0,10,0,0
962,2017,6,ferrari,196.0,1,0,0
962,2017,6,mercedes,179.0,2,0,0
962,2017,6,red-bull,97.0,3,0,0
962,2017,6,force-india,53.0,4,0,0
962,2017,6,toro-rosso,29.0,5,0,0
962,2017,6,williams,20.0,6,0,0
962,2017,6,renault,14.0,7,0,0
962,2017,6,haas,14.0,8,0,0
962,2017,6,sauber,4.0,9,0,0
962,2017,6,mclaren,0,10,0,0
963,2017,7,mercedes,222.0,1,0,0
963,2017,7,ferrari,214.0,2,0,0
963,2017,7,red-bull,112.0,3,0,0
963,2017,7,force-india,71.0,4,0,0
963,2017,7,toro-rosso,29.0,5,0,0
963,2017,7,williams,22.0,6,0,0
963,2017,7,renault,18.0,7,0,0
963,2017,7,haas,15.0,8,0,0
963,2017,7,sauber,4.0,9,0,0
963,2017,7,mclaren,0,10,0,0
964,2017,8,mercedes,250.0,1,0,0
964,2017,8,ferrari,226.0,2,0,0
964,2017,8,red-bull,137.0,3,0,0
964,2017,8,force-india,79.0,4,0,0
964,2017,8,williams,37.0,5,0,0
964,2017,8,toro-rosso,33.0,6,0,0
964,2017,8,haas,21.0,7,0,0
964,2017,8,renault,18.0,8,0,0
964,2017,8,sauber,5.0,9,0,0
964,2017,8,mclaren,2.0,10,0,0
965,2017,9,mercedes,287.0,1,0,0
965,2017,9,ferrari,254.0,2,0,0
965,2017,9,red-bull,152.0,3,0,0
965,2017,9,force-india,89.0,4,0,0
965,2017,9,williams,40.0,5,0,0
965,2017,9,toro-rosso,33.0,6,0,0
965,2017,9,haas,29.0,7,0,0
965,2017,9,renault,18.0,8,0,0
965,2017,9,sauber,5.0,9,0,0
965,2017,9,mclaren,2.0,10,0,0
966,2017,10,mercedes,330.0,1,0,0
966,2017,10,ferrari,275.0,2,0,0
966,2017,10,red-bull,174.0,3,0,0
966,2017,10,force-india,95.0,4,0,0
966,2017,10,williams,41.0,5,0,0
966,2017,10,toro-rosso,33.0,6,0,0
966,2017,10,haas,29.0,7,0,0
966,2017,10,renault,26.0,8,0,0
966,2017,10,sauber,5.0,9,0,0
966,2017,10,mclaren,2.0,10,0,0
967,2017,11,mercedes,357.0,1,0,0
967,2017,11,ferrari,318.0,2,0,0
967,2017,11,red-bull,184.0,3,0,0
967,2017,11,force-india,101.0,4,0,0
967,2017,11,williams,41.0,5,0,0
967,2017,11,toro-rosso,39.0,6,0,0
967,2017,11,haas,29.0,7,0,0
967,2017,11,renault,26.0,8,0,0
967,2017,11,mclaren,11.0,9,0,0
967,2017,11,sauber,5.0,10,0,0
968,2017,12,mercedes,392.0,1,0,0
968,2017,12,ferrari,348.0,2,0,0
968,2017,12,red-bull,199.0,3,0,0
968,2017,12,force-india,103.0,4,0,0
968,2017,12,williams,45.0,5,0,0
968,2017,12,toro-rosso,40.0,6,0,0
968,2017,12,haas,35.0,7,0,0
968,2017,12,renault,34.0,8,0,0
968,2017,12,mclaren,11.0,9,0,0
968,2017,12,sauber,5.0,10,0,0
969,2017,13,mercedes,435.0,1,0,0
969,2017,13,ferrari,373.0,2,0,0
969,2017,13,red-bull,212.0,3,0,0
969,2017,13,force-india,113.0,4,0,0
969,2017,13,williams,55.0,5,0,0
969,2017,13,toro-rosso,40.0,6,0,0
969,2017,13,haas,35.0,7,0,0
969,2017,13,renault,34.0,8,0,0
969,2017,13,mclaren,11.0,9,0,0
969,2017,13,sauber,5.0,10,0,0
970,2017,14,mercedes,475.0,1,0,0
970,2017,14,ferrari,373.0,2,0,0
970,2017,14,red-bull,230.0,3,0,0
970,2017,14,force-india,124.0,4,0,0
970,2017,14,williams,59.0,5,0,0
970,2017,14,toro-rosso,52.0,6,0,0
970,2017,14,renault,42.0,7,0,0
970,2017,14,haas,37.0,8,0,0
970,2017,14,mclaren,17.0,9,0,0
970,2017,14,sauber,5.0,10,0,0
971,2017,15,mercedes,503.0,1,0,0
971,2017,15,ferrari,385.0,2,0,0
971,2017,15,red-bull,270.0,3,0,0
971,2017,15,force-india,133.0,4,0,0
971,2017,15,williams,65.0,5,0,0
971,2017,15,toro-rosso,52.0,6,0,0
971,2017,15,renault,42.0,7,0,0
971,2017,15,haas,37.0,8,0,0
971,2017,15,mclaren,23.0,9,0,0
971,2017,15,sauber,5.0,10,0,0
972,2017,16,mercedes,540.0,1,0,0
972,2017,16,ferrari,395.0,2,0,0
972,2017,16,red-bull,303.0,3,0,0
972,2017,16,force-india,147.0,4,0,0
972,2017,16,williams,66.0,5,0,0
972,2017,16,toro-rosso,52.0,6,0,0
972,2017,16,haas,43.0,7,0,0
972,2017,16,renault,42.0,8,0,0
972,2017,16,mclaren,23.0,9,0,0
972,2017,16,sauber,5.0,10,0,0
973,2017,17,mercedes,575.0,1,1,0
973,2017,17,ferrari,428.0,2,0,0
973,2017,17,red-bull,315.0,3,0,0
973,2017,17,force-india,159.0,4,0,0
973,2017,17,williams,68.0,5,0,0
973,2017,17,toro-rosso,53.0,6,0,0
973,2017,17,renault,48.0,7,0,0
973,2017,17,haas,43.0,8,0,0
973,2017,17,mclaren,23.0,9,0,0
973,2017,17,sauber,5.0,10,0,0
974,2017,18,mercedes,595.0,1,1,0
974,2017,18,ferrari,455.0,2,0,0
974,2017,18,red-bull,340.0,3,0,0
974,2017,18,force-india,175.0,4,0,0
974,2017,18,williams,76.0,5,0,0
974,2017,18,toro-rosso,53.0,6,0,0
974,2017,18,renault,48.0,7,0,0
974,2017,18,haas,47.0,8,0,0
974,2017,18,mclaren,24.0,9,0,0
974,2017,18,sauber,5.0,10,0,0
975,2017,19,mercedes,625.0,1,1,0
975,2017,19,ferrari,495.0,2,0,0
975,2017,19,red-bull,358.0,3,0,0
975,2017,19,force-india,177.0,4,0,0
975,2017,19,williams,82.0,5,0,0
975,2017,19,toro-rosso,53.0,6,0,0
975,2017,19,renault,49.0,7,0,0
975,2017,19,haas,47.0,8,0,0
975,2017,19,mclaren,28.0,9,0,0
975,2017,19,sauber,5.0,10,0,0
976,2017,20,mercedes,668.0,1,1,1
976,2017,20,ferrari,522.0,2,0,1
976,2017,20,red-bull,368.0,3,0,1
976,2017,20,force-india,187.0,4,0,1
976,2017,20,williams,83.0,5,0,1
976,2017,20,renault,57.0,6,0,1
976,2017,20,toro-rosso,53.0,7,0,1
976,2017,20,haas,47.0,8,0,1
976,2017,20,mclaren,30.0,9,0,1
976,2017,20,sauber,5.0,10,0,1
977,2018,1,ferrari,40.0,1,0,0
977,2018,1,mercedes,22.0,2,0,0
977,2018,1,red-bull,20.0,3,0,0
977,2018,1,mclaren,12.0,4,0,0
977,2018,1,renault,7.0,5,0,0
977,2018,1,force-india,0,6,0,0
977,2018,1,sauber,0,7,0,0
977,2018,1,williams,0,8,0,0
977,2018,1,toro-rosso,0,9,0,0
978,2018,2,ferrari,65.0,1,0,0
978,2018,2,mercedes,55.0,2,0,0
978,2018,2,mclaren,22.0,3,0,0
978,2018,2,red-bull,20.0,4,0,0
978,2018,2,renault,15.0,5,0,0
978,2018,2,toro-rosso,12.0,6,0,0
978,2018,2,haas,10.0,7,0,0
978,2018,2,sauber,2.0,8,0,0
978,2018,2,force-india,1.0,9,0,0
978,2018,2,williams,0,10,0,0
979,2018,3,mercedes,85.0,1,0,0
979,2018,3,ferrari,84.0,2,0,0
979,2018,3,red-bull,55.0,3,0,0
979,2018,3,mclaren,28.0,4,0,0
979,2018,3,renault,25.0,5,0,0
979,2018,3,toro-rosso,12.0,6,0,0
979,2018,3,haas,11.0,7,0,0
979,2018,3,sauber,2.0,8,0,0
979,2018,3,force-india,1.0,9,0,0
979,2018,3,williams,0,10,0,0
980,2018,4,ferrari,114.0,1,0,0
980,2018,4,mercedes,110.0,2,0,0
980,2018,4,red-bull,55.0,3,0,0
980,2018,4,mclaren,36.0,4,0,0
980,2018,4,renault,35.0,5,0,0
980,2018,4,force-india,16.0,6,0,0
980,2018,4,toro-rosso,13.0,7,0,0
980,2018,4,haas,11.0,8,0,0
980,2018,4,sauber,10.0,9,0,0
980,2018,4,williams,4.0,10,0,0
981,2018,5,mercedes,153.0,1,0,0
981,2018,5,ferrari,126.0,2,0,0
981,2018,5,red-bull,80.0,3,0,0
981,2018,5,renault,41.0,4,0,0
981,2018,5,mclaren,40.0,5,0,0
981,2018,5,haas,19.0,6,0,0
981,2018,5,force-india,18.0,7,0,0
981,2018,5,toro-rosso,13.0,8,0,0
981,2018,5,sauber,11.0,9,0,0
981,2018,5,williams,4.0,10,0,0
982,2018,6,mercedes,178.0,1,0,0
982,2018,6,ferrari,156.0,2,0,0
982,2018,6,red-bull,107.0,3,0,0
982,2018,6,renault,46.0,4,0,0
982,2018,6,mclaren,40.0,5,0,0
982,2018,6,force-india,26.0,6,0,0
982,2018,6,toro-rosso,19.0,7,0,0
982,2018,6,haas,19.0,8,0,0
982,2018,6,sauber,11.0,9,0,0
982,2018,6,williams,4.0,10,0,0
983,2018,7,mercedes,206.0,1,0,0
983,2018,7,ferrari,189.0,2,0,0
983,2018,7,red-bull,134.0,3,0,0
983,2018,7,renault,56.0,4,0,0
983,2018,7,mclaren,40.0,5,0,0
983,2018,7,force-india,28.0,6,0,0
983,2018,7,toro-rosso,19.0,7,0,0
983,2018,7,haas,19.0,8,0,0
983,2018,7,sauber,12.0,9,0,0
983,2018,7,williams,4.0,10,0,0
984,2018,8,mercedes,237.0,1,0,0
984,2018,8,ferrari,214.0,2,0,0
984,2018,8,red-bull,164.0,3,0,0
984,2018,8,renault,62.0,4,0,0
984,2018,8,mclaren,40.0,5,0,0
984,2018,8,force-india,28.0,6,0,0
984,2018,8,haas,27.0,7,0,0
984,2018,8,toro-rosso,19.0,8,0,0
984,2018,8,sauber,13.0,9,0,0
984,2018,8,williams,4.0,10,0,0
985,2018,9,ferrari,247.0,1,0,0
985,2018,9,mercedes,237.0,2,0,0
985,2018,9,red-bull,189.0,3,0,0
985,2018,9,renault,62.0,4,0,0
985,2018,9,haas,49.0,5,0,0
985,2018,9,mclaren,44.0,6,0,0
985,2018,9,force-india,42.0,7,0,0
985,2018,9,toro-rosso,19.0,8,0,0
985,2018,9,sauber,16.0,9,0,0
985,2018,9,williams,4.0,10,0,0
986,2018,10,ferrari,287.0,1,0,0
986,2018,10,mercedes,267.0,2,0,0
986,2018,10,red-bull,199.0,3,0,0
986,2018,10,renault,70.0,4,0,0
986,2018,10,haas,51.0,5,0,0
986,2018,10,force-india,49.0,6,0,0
986,2018,10,mclaren,48.0,7,0,0
986,2018,10,toro-rosso,19.0,8,0,0
986,2018,10,sauber,16.0,9,0,0
986,2018,10,williams,4.0,10,0,0
987,2018,11,mercedes,310.0,1,0,0
987,2018,11,ferrari,302.0,2,0,0
987,2018,11,red-bull,211.0,3,0,0
987,2018,11,renault,80.0,4,0,0
987,2018,11,force-india,59.0,5,0,0
987,2018,11,haas,59.0,6,0,0
987,2018,11,mclaren,48.0,7,0,0
987,2018,11,toro-rosso,20.0,8,0,0
987,2018,11,sauber,18.0,9,0,0
987,2018,11,williams,4.0,10,0,0
988,2018,12,mercedes,345.0,1,0,0
988,2018,12,ferrari,335.0,2,0,0
988,2018,12,red-bull,223.0,3,0,0
988,2018,12,renault,82.0,4,0,0
988,2018,12,haas,66.0,5,0,0
988,2018,12,force-india,59.0,6,0,0
988,2018,12,mclaren,52.0,7,0,0
988,2018,12,toro-rosso,28.0,8,0,0
988,2018,12,sauber,18.0,9,0,0
988,2018,12,williams,4.0,10,0,0
989,2018,13,mercedes,375.0,1,0,0
989,2018,13,ferrari,360.0,2,0,0
989,2018,13,red-bull,238.0,3,0,0
989,2018,13,renault,82.0,4,0,0
989,2018,13,haas,76.0,5,0,0
989,2018,13,mclaren,52.0,6,0,0
989,2018,13,toro-rosso,30.0,7,0,0
989,2018,13,sauber,19.0,8,0,0
989,2018,13,force-india,18.0,9,0,0
989,2018,13,williams,4.0,10,0,0
990,2018,14,mercedes,415.0,1,0,0
990,2018,14,ferrari,390.0,2,0,0
990,2018,14,red-bull,248.0,3,0,0
990,2018,14,renault,86.0,4,0,0
990,2018,14,haas,76.0,5,0,0
990,2018,14,mclaren,52.0,6,0,0
990,2018,14,force-india,32.0,7,0,0
990,2018,14,toro-rosso,30.0,8,0,0
990,2018,14,sauber,19.0,9,0,0
990,2018,14,williams,7.0,10,0,0
991,2018,15,mercedes,452.0,1,0,0
991,2018,15,ferrari,415.0,2,0,0
991,2018,15,red-bull,274.0,3,0,0
991,2018,15,renault,91.0,4,0,0
991,2018,15,haas,76.0,5,0,0
991,2018,15,mclaren,58.0,6,0,0
991,2018,15,force-india,32.0,7,0,0
991,2018,15,toro-rosso,30.0,8,0,0
991,2018,15,sauber,21.0,9,0,0
991,2018,15,williams,7.0,10,0,0
992,2018,16,mercedes,495.0,1,0,0
992,2018,16,ferrari,442.0,2,0,0
992,2018,16,red-bull,292.0,3,0,0
992,2018,16,renault,91.0,4,0,0
992,2018,16,haas,80.0,5,0,0
992,2018,16,mclaren,58.0,6,0,0
992,2018,16,force-india,35.0,7,0,0
992,2018,16,toro-rosso,30.0,8,0,0
992,2018,16,sauber,27.0,9,0,0
992,2018,16,williams,7.0,10,0,0
993,2018,17,mercedes,538.0,1,0,0
993,2018,17,ferrari,460.0,2,0,0
993,2018,17,red-bull,319.0,3,0,0
993,2018,17,renault,92.0,4,0,0
993,2018,17,haas,84.0,5,0,0
993,2018,17,mclaren,58.0,6,0,0
993,2018,17,force-india,43.0,7,0,0
993,2018,17,toro-rosso,30.0,8,0,0
993,2018,17,sauber,27.0,9,0,0
993,2018,17,williams,7.0,10,0,0
994,2018,18,mercedes,563.0,1,0,0
994,2018,18,ferrari,497.0,2,0,0
994,2018,18,red-bull,337.0,3,0,0
994,2018,18,renault,106.0,4,0,0
994,2018,18,haas,84.0,5,0,0
994,2018,18,mclaren,58.0,6,0,0
994,2018,18,force-india,47.0,7,0,0
994,2018,18,toro-rosso,32.0,8,0,0
994,2018,18,sauber,28.0,9,0,0
994,2018,18,williams,7.0,10,0,0
995,2018,19,mercedes,585.0,1,0,0
995,2018,19,ferrari,530.0,2,0,0
995,2018,19,red-bull,362.0,3,0,0
995,2018,19,renault,114.0,4,0,0
995,2018,19,haas,84.0,5,0,0
995,2018,19,mclaren,62.0,6,0,0
995,2018,19,force-india,47.0,7,0,0
995,2018,19,sauber,36.0,8,0,0
995,2018,19,toro-rosso,33.0,9,0,0
995,2018,19,williams,7.0,10,0,0
996,2018,20,mercedes,620.0,1,1,0
996,2018,20,ferrari,553.0,2,0,0
996,2018,20,red-bull,392.0,3,0,0
996,2018,20,renault,114.0,4,0,0
996,2018,20,haas,90.0,5,0,0
996,2018,20,mclaren,62.0,6,0,0
996,2018,20,force-india,48.0,7,0,0
996,2018,20,sauber,42.0,8,0,0
996,2018,20,toro-rosso,33.0,9,0,0
996,2018,20,williams,7.0,10,0,0
997,2018,21,mercedes,655.0,1,1,1
997,2018,21,ferrari,571.0,2,0,1
997,2018,21,red-bull,419.0,3,0,1
997,2018,21,renault,122.0,4,0,1
997,2018,21,haas,93.0,5,0,1
997,2018,21,mclaren,62.0,6,0,1
997,2018,21,force-india,52.0,7,0,1
997,2018,21,sauber,48.0,8,0,1
997,2018,21,toro-rosso,33.0,9,0,1
997,2018,21,williams,7.0,10,0,1
998,2019,1,mercedes,44.0,1,0,0
998,2019,1,ferrari,22.0,2,0,0
998,2019,1,red-bull,15.0,3,0,0
998,2019,1,haas,8.0,4,0,0
998,2019,1,renault,6.0,5,0,0
998,2019,1,alfa-romeo,4.0,6,0,0
998,2019,1,racing-point,2.0,7,0,0
998,2019,1,toro-rosso,1.0,8,0,0
998,2019,1,mclaren,0,9,0,0
998,2019,1,williams,0,10,0,0
999,2019,2,mercedes,87.0,1,0,0
999,2019,2,ferrari,48.0,2,0,0
999,2019,2,red-bull,31.0,3,0,0
999,2019,2,alfa-romeo,10.0,4,0,0
999,2019,2,mclaren,8.0,5,0,0
999,2019,2,haas,8.0,6,0,0
999,2019,2,renault,6.0,7,0,0
999,2019,2,toro-rosso,3.0,8,0,0
999,2019,2,racing-point,3.0,9,0,0
999,2019,2,williams,0,10,0,0
1000,2019,3,mercedes,130.0,1,0,0
1000,2019,3,ferrari,73.0,2,0,0
1000,2019,3,red-bull,52.0,3,0,0
1000,2019,3,renault,12.0,4,0,0
1000,2019,3,alfa-romeo,12.0,5,0,0
1000,2019,3,haas,8.0,6,0,0
1000,2019,3,mclaren,8.0,7,0,0
1000,2019,3,racing-point,7.0,8,0,0
1000,2019,3,toro-rosso,4.0,9,0,0
1000,2019,3,williams,0,10,0,0
1001,2019,4,mercedes,173.0,1,0,0
1001,2019,4,ferrari,99.0,2,0,0
1001,2019,4,red-bull,64.0,3,0,0
1001,2019,4,mclaren,18.0,4,0,0
1001,2019,4,racing-point,17.0,5,0,0
1001,2019,4,alfa-romeo,13.0,6,0,0
1001,2019,4,renault,12.0,7,0,0
1001,2019,4,haas,8.0,8,0,0
1001,2019,4,toro-rosso,4.0,9,0,0
1001,2019,4,williams,0,10,0,0
1002,2019,5,mercedes,217.0,1,0,0
1002,2019,5,ferrari,121.0,2,0,0
1002,2019,5,red-bull,87.0,3,0,0
1002,2019,5,mclaren,22.0,4,0,0
1002,2019,5,racing-point,17.0,5,0,0
1002,2019,5,haas,15.0,6,0,0
1002,2019,5,alfa-romeo,13.0,7,0,0
1002,2019,5,renault,12.0,8,0,0
1002,2019,5,toro-rosso,6.0,9,0,0
1002,2019,5,williams,0,10,0,0
1003,2019,6,mercedes,257.0,1,0,0
1003,2019,6,ferrari,139.0,2,0,0
1003,2019,6,red-bull,110.0,3,0,0
1003,2019,6,mclaren,30.0,4,0,0
1003,2019,6,racing-point,17.0,5,0,0
1003,2019,6,haas,16.0,6,0,0
1003,2019,6,toro-rosso,16.0,7,0,0
1003,2019,6,renault,14.0,8,0,0
1003,2019,6,alfa-romeo,13.0,9,0,0
1003,2019,6,williams,0,10,0,0
1004,2019,7,mercedes,295.0,1,0,0
1004,2019,7,ferrari,172.0,2,0,0
1004,2019,7,red-bull,124.0,3,0,0
1004,2019,7,mclaren,30.0,4,0,0
1004,2019,7,renault,28.0,5,0,0
1004,2019,7,racing-point,19.0,6,0,0
1004,2019,7,toro-rosso,17.0,7,0,0
1004,2019,7,haas,16.0,8,0,0
1004,2019,7,alfa-romeo,13.0,9,0,0
1004,2019,7,williams,0,10,0,0
1005,2019,8,mercedes,338.0,1,0,0
1005,2019,8,ferrari,198.0,2,0,0
1005,2019,8,red-bull,137.0,3,0,0
1005,2019,8,mclaren,40.0,4,0,0
1005,2019,8,renault,32.0,5,0,0
1005,2019,8,racing-point,19.0,6,0,0
1005,2019,8,alfa-romeo,19.0,7,0,0
1005,2019,8,toro-rosso,17.0,8,0,0
1005,2019,8,haas,16.0,9,0,0
1005,2019,8,williams,0,10,0,0
1006,2019,9,mercedes,363.0,1,0,0
1006,2019,9,ferrari,228.0,2,0,0
1006,2019,9,red-bull,169.0,3,0,0
1006,2019,9,mclaren,52.0,4,0,0
1006,2019,9,renault,32.0,5,0,0
1006,2019,9,alfa-romeo,22.0,6,0,0
1006,2019,9,racing-point,19.0,7,0,0
1006,2019,9,toro-rosso,17.0,8,0,0
1006,2019,9,haas,16.0,9,0,0
1006,2019,9,williams,0,10,0,0
1007,2019,10,mercedes,407.0,1,0,0
1007,2019,10,ferrari,243.0,2,0,0
1007,2019,10,red-bull,191.0,3,0,0
1007,2019,10,mclaren,60.0,4,0,0
1007,2019,10,renault,39.0,5,0,0
1007,2019,10,alfa-romeo,26.0,6,0,0
1007,2019,10,racing-point,19.0,7,0,0
1007,2019,10,toro-rosso,19.0,8,0,0
1007,2019,10,haas,16.0,9,0,0
1007,2019,10,williams,0,10,0,0
1008,2019,11,mercedes,409.0,1,0,0
1008,2019,11,ferrari,261.0,2,0,0
1008,2019,11,red-bull,217.0,3,0,0
1008,2019,11,mclaren,70.0,4,0,0
1008,2019,11,toro-rosso,42.0,5,0,0
1008,2019,11,renault,39.0,6,0,0
1008,2019,11,racing-point,31.0,7,0,0
1008,2019,11,haas,26.0,8,0,0
1008,2019,11,alfa-romeo,26.0,9,0,0
1008,2019,11,williams,1.0,10,0,0
1009,2019,12,mercedes,438.0,1,0,0
1009,2019,12,ferrari,288.0,2,0,0
1009,2019,12,red-bull,244.0,3,0,0
1009,2019,12,mclaren,82.0,4,0,0
1009,2019,12,toro-rosso,43.0,5,0,0
1009,2019,12,renault,39.0,6,0,0
1009,2019,12,alfa-romeo,32.0,7,0,0
1009,2019,12,racing-point,31.0,8,0,0
1009,2019,12,haas,26.0,9,0,0
1009,2019,12,williams,1.0,10,0,0
1010,2019,13,mercedes,471.0,1,0,0
1010,2019,13,ferrari,326.0,2,0,0
1010,2019,13,red-bull,254.0,3,0,0
1010,2019,13,mclaren,82.0,4,0,0
1010,2019,13,toro-rosso,51.0,5,0,0
1010,2019,13,renault,43.0,6,0,0
1010,2019,13,racing-point,40.0,7,0,0
1010,2019,13,alfa-romeo,32.0,8,0,0
1010,2019,13,haas,26.0,9,0,0
1010,2019,13,williams,1.0,10,0,0
1011,2019,14,mercedes,505.0,1,0,0
1011,2019,14,ferrari,351.0,2,0,0
1011,2019,14,red-bull,266.0,3,0,0
1011,2019,14,mclaren,83.0,4,0,0
1011,2019,14,renault,65.0,5,0,0
1011,2019,14,toro-rosso,51.0,6,0,0
1011,2019,14,racing-point,46.0,7,0,0
1011,2019,14,alfa-romeo,34.0,8,0,0
1011,2019,14,haas,26.0,9,0,0
1011,2019,14,williams,1.0,10,0,0
1012,2019,15,mercedes,527.0,1,0,0
1012,2019,15,ferrari,394.0,2,0,0
1012,2019,15,red-bull,289.0,3,0,0
1012,2019,15,mclaren,89.0,4,0,0
1012,2019,15,renault,67.0,5,0,0
1012,2019,15,toro-rosso,55.0,6,0,0
1012,2019,15,racing-point,46.0,7,0,0
1012,2019,15,alfa-romeo,35.0,8,0,0
1012,2019,15,haas,26.0,9,0,0
1012,2019,15,williams,1.0,10,0,0
1013,2019,16,mercedes,571.0,1,0,0
1013,2019,16,ferrari,409.0,2,0,0
1013,2019,16,red-bull,311.0,3,0,0
1013,2019,16,mclaren,101.0,4,0,0
1013,2019,16,renault,68.0,5,0,0
1013,2019,16,toro-rosso,55.0,6,0,0
1013,2019,16,racing-point,52.0,7,0,0
1013,2019,16,alfa-romeo,35.0,8,0,0
1013,2019,16,haas,28.0,9,0,0
1013,2019,16,williams,1.0,10,0,0
1014,2019,17,mercedes,612.0,1,1,0
1014,2019,17,ferrari,435.0,2,0,0
1014,2019,17,red-bull,323.0,3,0,0
1014,2019,17,mclaren,111.0,4,0,0
1014,2019,17,renault,68.0,5,0,0
1014,2019,17,toro-rosso,62.0,6,0,0
1014,2019,17,racing-point,58.0,7,0,0
1014,2019,17,alfa-romeo,35.0,8,0,0
1014,2019,17,haas,28.0,9,0,0
1014,2019,17,williams,1.0,10,0,0
1015,2019,18,mercedes,652.0,1,1,0
1015,2019,18,ferrari,466.0,2,0,0
1015,2019,18,red-bull,341.0,3,0,0
1015,2019,18,mclaren,111.0,4,0,0
1015,2019,18,renault,73.0,5,0,0
1015,2019,18,toro-rosso,64.0,6,0,0
1015,2019,18,racing-point,64.0,7,0,0
1015,2019,18,alfa-romeo,35.0,8,0,0
1015,2019,18,haas,28.0,9,0,0
1015,2019,18,williams,1.0,10,0,0
1016,2019,19,mercedes,695.0,1,1,0
1016,2019,19,ferrari,479.0,2,0,0
1016,2019,19,red-bull,366.0,3,0,0
1016,2019,19,mclaren,121.0,4,0,0
1016,2019,19,renault,83.0,5,0,0
1016,2019,19,racing-point,65.0,6,0,0
1016,2019,19,toro-rosso,64.0,7,0,0
1016,2019,19,alfa-romeo,35.0,8,0,0
1016,2019,19,haas,28.0,9,0,0
1016,2019,19,williams,1.0,10,0,0
1017,2019,20,mercedes,701.0,1,1,0
1017,2019,20,ferrari,479.0,2,0,0
1017,2019,20,red-bull,391.0,3,0,0
1017,2019,20,mclaren,140.0,4,0,0
1017,2019,20,renault,91.0,5,0,0
1017,2019,20,toro-rosso,83.0,6,0,0
1017,2019,20,racing-point,67.0,7,0,0
1017,2019,20,alfa-romeo,57.0,8,0,0
1017,2019,20,haas,28.0,9,0,0
1017,2019,20,williams,1.0,10,0,0
1018,2019,21,mercedes,739.0,1,1,1
1018,2019,21,ferrari,504.0,2,0,1
1018,2019,21,red-bull,417.0,3,0,1
1018,2019,21,mclaren,145.0,4,0,1
1018,2019,21,renault,91.0,5,0,1
1018,2019,21,toro-rosso,85.0,6,0,1
1018,2019,21,racing-point,73.0,7,0,1
1018,2019,21,alfa-romeo,57.0,8,0,1
1018,2019,21,haas,28.0,9,0,1
1018,2019,21,williams,1.0,10,0,1
1019,2020,1,mercedes,37.0,1,0,0
1019,2020,1,mclaren,26.0,2,0,0
1019,2020,1,ferrari,19.0,3,0,0
1019,2020,1,racing-point,8.0,4,0,0
1019,2020,1,alphatauri,6.0,5,0,0
1019,2020,1,renault,4.0,6,0,0
1019,2020,1,alfa-romeo,2.0,7,0,0
1019,2020,1,williams,0,8,0,0
1019,2020,1,red-bull,0,9,0,0
1020,2020,2,mercedes,80.0,1,0,0
1020,2020,2,mclaren,39.0,2,0,0
1020,2020,2,red-bull,27.0,3,0,0
1020,2020,2,racing-point,22.0,4,0,0
1020,2020,2,ferrari,19.0,5,0,0
1020,2020,2,renault,8.0,6,0,0
1020,2020,2,alphatauri,7.0,7,0,0
1020,2020,2,alfa-romeo,2.0,8,0,0
1020,2020,2,williams,0,9,0,0
1020,2020,2,haas,0,10,0,0
1021,2020,3,mercedes,121.0,1,0,0
1021,2020,3,red-bull,55.0,2,0,0
1021,2020,3,mclaren,41.0,3,0,0
1021,2020,3,racing-point,40.0,4,0,0
1021,2020,3,ferrari,27.0,5,0,0
1021,2020,3,renault,12.0,6,0,0
1021,2020,3,alphatauri,7.0,7,0,0
1021,2020,3,alfa-romeo,2.0,8,0,0
1021,2020,3,haas,1.0,9,0,0
1021,2020,3,williams,0,10,0,0
1022,2020,4,mercedes,146.0,1,0,0
1022,2020,4,red-bull,78.0,2,0,0
1022,2020,4,mclaren,51.0,3,0,0
1022,2020,4,ferrari,43.0,4,0,0
1022,2020,4,racing-point,42.0,5,0,0
1022,2020,4,renault,32.0,6,0,0
1022,2020,4,alphatauri,13.0,7,0,0
1022,2020,4,alfa-romeo,2.0,8,0,0
1022,2020,4,haas,1.0,9,0,0
1022,2020,4,williams,0,10,0,0
1023,2020,5,mercedes,180.0,1,0,0
1023,2020,5,red-bull,113.0,2,0,0
1023,2020,5,ferrari,55.0,3,0,0
1023,2020,5,mclaren,53.0,4,0,0
1023,2020,5,racing-point,41.0,5,0,0
1023,2020,5,renault,36.0,6,0,0
1023,2020,5,alphatauri,14.0,7,0,0
1023,2020,5,alfa-romeo,2.0,8,0,0
1023,2020,5,haas,1.0,9,0,0
1023,2020,5,williams,0,10,0,0
1024,2020,6,mercedes,221.0,1,0,0
1024,2020,6,red-bull,135.0,2,0,0
1024,2020,6,racing-point,63.0,3,0,0
1024,2020,6,mclaren,62.0,4,0,0
1024,2020,6,ferrari,61.0,5,0,0
1024,2020,6,renault,36.0,6,0,0
1024,2020,6,alphatauri,16.0,7,0,0
1024,2020,6,alfa-romeo,2.0,8,0,0
1024,2020,6,haas,1.0,9,0,0
1024,2020,6,williams,0,10,0,0
1025,2020,7,mercedes,264.0,1,0,0
1025,2020,7,red-bull,158.0,2,0,0
1025,2020,7,mclaren,68.0,3,0,0
1025,2020,7,racing-point,66.0,4,0,0
1025,2020,7,ferrari,61.0,5,0,0
1025,2020,7,renault,59.0,6,0,0
1025,2020,7,alphatauri,20.0,7,0,0
1025,2020,7,alfa-romeo,2.0,8,0,0
1025,2020,7,haas,1.0,9,0,0
1025,2020,7,williams,0,10,0,0
1026,2020,8,mercedes,281.0,1,0,0
1026,2020,8,red-bull,158.0,2,0,0
1026,2020,8,mclaren,98.0,3,0,0
1026,2020,8,racing-point,82.0,4,0,0
1026,2020,8,renault,71.0,5,0,0
1026,2020,8,ferrari,61.0,6,0,0
1026,2020,8,alphatauri,47.0,7,0,0
1026,2020,8,alfa-romeo,2.0,8,0,0
1026,2020,8,haas,1.0,9,0,0
1026,2020,8,williams,0,10,0,0
1027,2020,9,mercedes,325.0,1,0,0
1027,2020,9,red-bull,173.0,2,0,0
1027,2020,9,mclaren,106.0,3,0,0
1027,2020,9,racing-point,92.0,4,0,0
1027,2020,9,renault,83.0,5,0,0
1027,2020,9,ferrari,66.0,6,0,0
1027,2020,9,alphatauri,53.0,7,0,0
1027,2020,9,alfa-romeo,4.0,8,0,0
1027,2020,9,haas,1.0,9,0,0
1027,2020,9,williams,0,10,0,0
1028,2020,10,mercedes,366.0,1,0,0
1028,2020,10,red-bull,192.0,2,0,0
1028,2020,10,mclaren,106.0,3,0,0
1028,2020,10,racing-point,104.0,4,0,0
1028,2020,10,renault,99.0,5,0,0
1028,2020,10,ferrari,74.0,6,0,0
1028,2020,10,alphatauri,59.0,7,0,0
1028,2020,10,alfa-romeo,4.0,8,0,0
1028,2020,10,haas,1.0,9,0,0
1028,2020,10,williams,0,10,0,0
1029,2020,11,mercedes,391.0,1,0,0
1029,2020,11,red-bull,211.0,2,0,0
1029,2020,11,racing-point,120.0,3,0,0
1029,2020,11,mclaren,116.0,4,0,0
1029,2020,11,renault,114.0,5,0,0
1029,2020,11,ferrari,80.0,6,0,0
1029,2020,11,alphatauri,67.0,7,0,0
1029,2020,11,alfa-romeo,5.0,8,0,0
1029,2020,11,haas,3.0,9,0,0
1029,2020,11,williams,0,10,0,0
1030,2020,12,mercedes,435.0,1,0,0
1030,2020,12,red-bull,226.0,2,0,0
1030,2020,12,racing-point,126.0,3,0,0
1030,2020,12,mclaren,124.0,4,0,0
1030,2020,12,renault,120.0,5,0,0
1030,2020,12,ferrari,93.0,6,0,0
1030,2020,12,alphatauri,77.0,7,0,0
1030,2020,12,alfa-romeo,5.0,8,0,0
1030,2020,12,haas,3.0,9,0,0
1030,2020,12,williams,0,10,0,0
1031,2020,13,mercedes,479.0,1,1,0
1031,2020,13,red-bull,226.0,2,0,0
1031,2020,13,renault,135.0,3,0,0
1031,2020,13,mclaren,134.0,4,0,0
1031,2020,13,racing-point,134.0,5,0,0
1031,2020,13,ferrari,103.0,6,0,0
1031,2020,13,alphatauri,89.0,7,0,0
1031,2020,13,alfa-romeo,8.0,8,0,0
1031,2020,13,haas,3.0,9,0,0
1031,2020,13,williams,0,10,0,0
1032,2020,14,mercedes,504.0,1,1,0
1032,2020,14,red-bull,240.0,2,0,0
1032,2020,14,racing-point,154.0,3,0,0
1032,2020,14,mclaren,149.0,4,0,0
1032,2020,14,renault,136.0,5,0,0
1032,2020,14,ferrari,130.0,6,0,0
1032,2020,14,alphatauri,89.0,7,0,0
1032,2020,14,alfa-romeo,8.0,8,0,0
1032,2020,14,haas,3.0,9,0,0
1032,2020,14,williams,0,10,0,0
1033,2020,15,mercedes,533.0,1,1,0
1033,2020,15,red-bull,274.0,2,0,0
1033,2020,15,mclaren,171.0,3,0,0
1033,2020,15,racing-point,154.0,4,0,0
1033,2020,15,renault,144.0,5,0,0
1033,2020,15,ferrari,131.0,6,0,0
1033,2020,15,alphatauri,97.0,7,0,0
1033,2020,15,alfa-romeo,8.0,8,0,0
1033,2020,15,haas,3.0,9,0,0
1033,2020,15,williams,0,10,0,0
1034,2020,16,mercedes,540.0,1,1,0
1034,2020,16,red-bull,282.0,2,0,0
1034,2020,16,racing-point,194.0,3,0,0
1034,2020,16,mclaren,184.0,4,0,0
1034,2020,16,renault,172.0,5,0,0
1034,2020,16,ferrari,131.0,6,0,0
1034,2020,16,alphatauri,103.0,7,0,0
1034,2020,16,alfa-romeo,8.0,8,0,0
1034,2020,16,haas,3.0,9,0,0
1034,2020,16,williams,0,10,0,0
1035,2020,17,mercedes,573.0,1,1,1
1035,2020,17,red-bull,319.0,2,0,1
1035,2020,17,mclaren,202.0,3,0,1
1035,2020,17,racing-point,195.0,4,0,1
1035,2020,17,renault,181.0,5,0,1
1035,2020,17,ferrari,131.0,6,0,1
1035,2020,17,alphatauri,107.0,7,0,1
1035,2020,17,alfa-romeo,8.0,8,0,1
1035,2020,17,haas,3.0,9,0,1
1035,2020,17,williams,0,10,0,1
1036,2021,1,mercedes,41.0,1,0,0
1036,2021,1,red-bull,28.0,2,0,0
1036,2021,1,mclaren,18.0,3,0,0
1036,2021,1,ferrari,12.0,4,0,0
1036,2021,1,alphatauri,2.0,5,0,0
1036,2021,1,aston-martin,1.0,6,0,0
1036,2021,1,alfa-romeo,0,7,0,0
1036,2021,1,alpine,0,8,0,0
1036,2021,1,williams,0,9,0,0
1036,2021,1,haas,0,10,0,0
1037,2021,2,mercedes,60.0,1,0,0
1037,2021,2,red-bull,53.0,2,0,0
1037,2021,2,mclaren,41.0,3,0,0
1037,2021,2,ferrari,34.0,4,0,0
1037,2021,2,alphatauri,8.0,5,0,0
1037,2021,2,aston-martin,5.0,6,0,0
1037,2021,2,alpine,3.0,7,0,0
1037,2021,2,alfa-romeo,0,8,0,0
1037,2021,2,williams,0,9,0,0
1037,2021,2,haas,0,10,0,0
1038,2021,3,mercedes,101.0,1,0,0
1038,2021,3,red-bull,83.0,2,0,0
1038,2021,3,mclaren,53.0,3,0,0
1038,2021,3,ferrari,42.0,4,0,0
1038,2021,3,alpine,13.0,5,0,0
1038,2021,3,alphatauri,9.0,6,0,0
1038,2021,3,aston-martin,5.0,7,0,0
1038,2021,3,alfa-romeo,0,8,0,0
1038,2021,3,williams,0,9,0,0
1038,2021,3,haas,0,10,0,0
1039,2021,4,mercedes,141.0,1,0,0
1039,2021,4,red-bull,112.0,2,0,0
1039,2021,4,mclaren,65.0,3,0,0
1039,2021,4,ferrari,60.0,4,0,0
1039,2021,4,alpine,15.0,5,0,0
1039,2021,4,alphatauri,10.0,6,0,0
1039,2021,4,aston-martin,5.0,7,0,0
1039,2021,4,alfa-romeo,0,8,0,0
1039,2021,4,williams,0,9,0,0
1039,2021,4,haas,0,10,0,0
1040,2021,5,red-bull,149.0,1,0,0
1040,2021,5,mercedes,148.0,2,0,0
1040,2021,5,mclaren,80.0,3,0,0
1040,2021,5,ferrari,78.0,4,0,0
1040,2021,5,aston-martin,19.0,5,0,0
1040,2021,5,alphatauri,18.0,6,0,0
1040,2021,5,alpine,17.0,7,0,0
1040,2021,5,alfa-romeo,1.0,8,0,0
1040,2021,5,williams,0,9,0,0
1040,2021,5,haas,0,10,0,0
1041,2021,6,red-bull,174.0,1,0,0
1041,2021,6,mercedes,148.0,2,0,0
1041,2021,6,ferrari,94.0,3,0,0
1041,2021,6,mclaren,92.0,4,0,0
1041,2021,6,alphatauri,39.0,5,0,0
1041,2021,6,aston-martin,37.0,6,0,0
1041,2021,6,alpine,25.0,7,0,0
1041,2021,6,alfa-romeo,2.0,8,0,0
1041,2021,6,haas,0,9,0,0
1041,2021,6,williams,0,10,0,0
1042,2021,7,red-bull,215.0,1,0,0
1042,2021,7,mercedes,178.0,2,0,0
1042,2021,7,mclaren,110.0,3,0,0
1042,2021,7,ferrari,94.0,4,0,0
1042,2021,7,alphatauri,45.0,5,0,0
1042,2021,7,aston-martin,40.0,6,0,0
1042,2021,7,alpine,29.0,7,0,0
1042,2021,7,alfa-romeo,2.0,8,0,0
1042,2021,7,williams,0,9,0,0
1042,2021,7,haas,0,10,0,0
1043,2021,8,red-bull,252.0,1,0,0
1043,2021,8,mercedes,212.0,2,0,0
1043,2021,8,mclaren,120.0,3,0,0
1043,2021,8,ferrari,108.0,4,0,0
1043,2021,8,alphatauri,46.0,5,0,0
1043,2021,8,aston-martin,44.0,6,0,0
1043,2021,8,alpine,31.0,7,0,0
1043,2021,8,alfa-romeo,2.0,8,0,0
1043,2021,8,williams,0,9,0,0
1043,2021,8,haas,0,10,0,0
1044,2021,9,red-bull,286.0,1,0,0
1044,2021,9,mercedes,242.0,2,0,0
1044,2021,9,mclaren,141.0,3,0,0
1044,2021,9,ferrari,122.0,4,0,0
1044,2021,9,alphatauri,48.0,5,0,0
1044,2021,9,aston-martin,44.0,6,0,0
1044,2021,9,alpine,32.0,7,0,0
1044,2021,9,alfa-romeo,2.0,8,0,0
1044,2021,9,williams,0,9,0,0
1044,2021,9,haas,0,10,0,0
1045,2021,10,red-bull,289.0,1,0,0
1045,2021,10,mercedes,285.0,2,0,0
1045,2021,10,mclaren,163.0,3,0,0
1045,2021,10,ferrari,148.0,4,0,0
1045,2021,10,alphatauri,49.0,5,0,0
1045,2021,10,aston-martin,48.0,6,0,0
1045,2021,10,alpine,40.0,7,0,0
1045,2021,10,alfa-romeo,2.0,8,0,0
1045,2021,10,williams,0,9,0,0
1045,2021,10,haas,0,10,0,0
1046,2021,11,mercedes,303.0,1,0,0
1046,2021,11,red-bull,291.0,2,0,0
1046,2021,11,ferrari,163.0,3,0,0
1046,2021,11,mclaren,163.0,4,0,0
1046,2021,11,alpine,77.0,5,0,0
1046,2021,11,alphatauri,68.0,6,0,0
1046,2021,11,aston-martin,48.0,7,0,0
1046,2021,11,williams,10.0,8,0,0
1046,2021,11,alfa-romeo,3.0,9,0,0
1046,2021,11,haas,0,10,0,0
1047,2021,12,mercedes,310.5,1,0,0
1047,2021,12,red-bull,303.5,2,0,0
1047,2021,12,mclaren,169.0,3,0,0
1047,2021,12,ferrari,165.5,4,0,0
1047,2021,12,alpine,80.0,5,0,0
1047,2021,12,alphatauri,72.0,6,0,0
1047,2021,12,aston-martin,53.0,7,0,0
1047,2021,12,williams,20.0,8,0,0
1047,2021,12,alfa-romeo,3.0,9,0,0
1047,2021,12,haas,0,10,0,0
1048,2021,13,mercedes,344.5,1,0,0
1048,2021,13,red-bull,332.5,2,0,0
1048,2021,13,ferrari,181.5,3,0,0
1048,2021,13,mclaren,170.0,4,0,0
1048,2021,13,alpine,90.0,5,0,0
1048,2021,13,alphatauri,84.0,6,0,0
1048,2021,13,aston-martin,53.0,7,0,0
1048,2021,13,williams,20.0,8,0,0
1048,2021,13,alfa-romeo,3.0,9,0,0
1048,2021,13,haas,0,10,0,0
1049,2021,14,mercedes,362.5,1,0,0
1049,2021,14,red-bull,344.5,2,0,0
1049,2021,14,mclaren,215.0,3,0,0
1049,2021,14,ferrari,201.5,4,0,0
1049,2021,14,alpine,95.0,5,0,0
1049,2021,14,alphatauri,84.0,6,0,0
1049,2021,14,aston-martin,59.0,7,0,0
1049,2021,14,williams,22.0,8,0,0
1049,2021,14,alfa-romeo,3.0,9,0,0
1049,2021,14,haas,0,10,0,0
1050,2021,15,mercedes,397.5,1,0,0
1050,2021,15,red-bull,364.5,2,0,0
1050,2021,15,mclaren,234.0,3,0,0
1050,2021,15,ferrari,216.5,4,0,0
1050,2021,15,alpine,103.0,5,0,0
1050,2021,15,alphatauri,84.0,6,0,0
1050,2021,15,aston-martin,59.0,7,0,0
1050,2021,15,williams,23.0,8,0,0
1050,2021,15,alfa-romeo,7.0,9,0,0
1050,2021,15,haas,0,10,0,0
1051,2021,16,mercedes,433.5,1,0,0
1051,2021,16,red-bull,397.5,2,0,0
1051,2021,16,mclaren,240.0,3,0,0
1051,2021,16,ferrari,232.5,4,0,0
1051,2021,16,alpine,104.0,5,0,0
1051,2021,16,alphatauri,92.0,6,0,0
1051,2021,16,aston-martin,61.0,7,0,0
1051,2021,16,williams,23.0,8,0,0
1051,2021,16,alfa-romeo,7.0,9,0,0
1051,2021,16,haas,0,10,0,0
1052,2021,17,mercedes,460.5,1,0,0
1052,2021,17,red-bull,437.5,2,0,0
1052,2021,17,mclaren,254.0,3,0,0
1052,2021,17,ferrari,250.5,4,0,0
1052,2021,17,alpine,104.0,5,0,0
1052,2021,17,alphatauri,94.0,6,0,0
1052,2021,17,aston-martin,62.0,7,0,0
1052,2021,17,williams,23.0,8,0,0
1052,2021,17,alfa-romeo,7.0,9,0,0
1052,2021,17,haas,0,10,0,0
1053,2021,18,mercedes,478.5,1,0,0
1053,2021,18,red-bull,477.5,2,0,0
1053,2021,18,ferrari,268.5,3,0,0
1053,2021,18,mclaren,255.0,4,0,0
1053,2021,18,alpine,106.0,5,0,0
1053,2021,18,alphatauri,106.0,6,0,0
1053,2021,18,aston-martin,68.0,7,0,0
1053,2021,18,williams,23.0,8,0,0
1053,2021,18,alfa-romeo,11.0,9,0,0
1053,2021,18,haas,0,10,0,0
1054,2021,19,mercedes,521.5,1,0,0
1054,2021,19,red-bull,510.5,2,0,0
1054,2021,19,ferrari,287.5,3,0,0
1054,2021,19,mclaren,256.0,4,0,0
1054,2021,19,alpine,112.0,5,0,0
1054,2021,19,alphatauri,112.0,6,0,0
1054,2021,19,aston-martin,68.0,7,0,0
1054,2021,19,williams,23.0,8,0,0
1054,2021,19,alfa-romeo,11.0,9,0,0
1054,2021,19,haas,0,10,0,0
1055,2021,20,mercedes,546.5,1,0,0
1055,2021,20,red-bull,541.5,2,0,0
1055,2021,20,ferrari,297.5,3,0,0
1055,2021,20,mclaren,258.0,4,0,0
1055,2021,20,alpine,137.0,5,0,0
1055,2021,20,alphatauri,112.0,6,0,0
1055,2021,20,aston-martin,77.0,7,0,0
1055,2021,20,williams,23.0,8,0,0
1055,2021,20,alfa-romeo,11.0,9,0,0
1055,2021,20,haas,0,10,0,0
1056,2021,21,mercedes,587.5,1,0,0
1056,2021,21,red-bull,559.5,2,0,0
1056,2021,21,ferrari,307.5,3,0,0
1056,2021,21,mclaren,269.0,4,0,0
1056,2021,21,alpine,149.0,5,0,0
1056,2021,21,alphatauri,120.0,6,0,0
1056,2021,21,aston-martin,77.0,7,0,0
1056,2021,21,williams,23.0,8,0,0
1056,2021,21,alfa-romeo,13.0,9,0,0
1056,2021,21,haas,0,10,0,0
1057,2021,22,mercedes,613.5,1,1,1
1057,2021,22,red-bull,585.5,2,0,1
1057,2021,22,ferrari,323.5,3,0,1
1057,2021,22,mclaren,275.0,4,0,1
1057,2021,22,alpine,155.0,5,0,1
1057,2021,22,alphatauri,142.0,6,0,1
1057,2021,22,aston-martin,77.0,7,0,1
1057,2021,22,williams,23.0,8,0,1
1057,2021,22,alfa-romeo,13.0,9,0,1
1057,2021,22,haas,0,10,0,1
1058,2022,1,ferrari,44.0,1,0,0
1058,2022,1,mercedes,27.0,2,0,0
1058,2022,1,haas,10.0,3,0,0
1058,2022,1,alfa-romeo,9.0,4,0,0
1058,2022,1,alpine,8.0,5,0,0
1058,2022,1,alphatauri,4.0,6,0,0
1058,2022,1,aston-martin,0,7,0,0
1058,2022,1,williams,0,8,0,0
1058,2022,1,mclaren,0,9,0,0
1058,2022,1,red-bull,0,10,0,0
1059,2022,2,ferrari,78.0,1,0,0
1059,2022,2,mercedes,38.0,2,0,0
1059,2022,2,red-bull,37.0,3,0,0
1059,2022,2,alpine,16.0,4,0,0
1059,2022,2,haas,12.0,5,0,0
1059,2022,2,alfa-romeo,9.0,6,0,0
1059,2022,2,alphatauri,8.0,7,0,0
1059,2022,2,mclaren,6.0,8,0,0
1059,2022,2,aston-martin,0,9,0,0
1059,2022,2,williams,0,10,0,0
1060,2022,3,ferrari,104.0,1,0,0
1060,2022,3,mercedes,65.0,2,0,0
1060,2022,3,red-bull,55.0,3,0,0
1060,2022,3,mclaren,24.0,4,0,0
1060,2022,3,alpine,22.0,5,0,0
1060,2022,3,alfa-romeo,13.0,6,0,0
1060,2022,3,haas,12.0,7,0,0
1060,2022,3,alphatauri,10.0,8,0,0
1060,2022,3,williams,1.0,9,0,0
1060,2022,3,aston-martin,0,10,0,0
1061,2022,4,ferrari,124.0,1,0,0
1061,2022,4,red-bull,113.0,2,0,0
1061,2022,4,mercedes,77.0,3,0,0
1061,2022,4,mclaren,46.0,4,0,0
1061,2022,4,alfa-romeo,25.0,5,0,0
1061,2022,4,alpine,22.0,6,0,0
1061,2022,4,alphatauri,16.0,7,0,0
1061,2022,4,haas,15.0,8,0,0
1061,2022,4,aston-martin,5.0,9,0,0
1061,2022,4,williams,1.0,10,0,0
1062,2022,5,ferrari,157.0,1,0,0
1062,2022,5,red-bull,151.0,2,0,0
1062,2022,5,mercedes,95.0,3,0,0
1062,2022,5,mclaren,46.0,4,0,0
1062,2022,5,alfa-romeo,31.0,5,0,0
1062,2022,5,alpine,26.0,6,0,0
1062,2022,5,alphatauri,16.0,7,0,0
1062,2022,5,haas,15.0,8,0,0
1062,2022,5,aston-martin,6.0,9,0,0
1062,2022,5,williams,3.0,10,0,0
1063,2022,6,red-bull,195.0,1,0,0
1063,2022,6,ferrari,169.0,2,0,0
1063,2022,6,mercedes,120.0,3,0,0
1063,2022,6,mclaren,50.0,4,0,0
1063,2022,6,alfa-romeo,39.0,5,0,0
1063,2022,6,alpine,34.0,6,0,0
1063,2022,6,alphatauri,17.0,7,0,0
1063,2022,6,haas,15.0,8,0,0
1063,2022,6,aston-martin,6.0,9,0,0
1063,2022,6,williams,3.0,10,0,0
1064,2022,7,red-bull,235.0,1,0,0
1064,2022,7,ferrari,199.0,2,0,0
1064,2022,7,mercedes,134.0,3,0,0
1064,2022,7,mclaren,59.0,4,0,0
1064,2022,7,alfa-romeo,41.0,5,0,0
1064,2022,7,alpine,40.0,6,0,0
1064,2022,7,alphatauri,17.0,7,0,0
1064,2022,7,haas,15.0,8,0,0
1064,2022,7,aston-martin,7.0,9,0,0
1064,2022,7,williams,3.0,10,0,0
1065,2022,8,red-bull,279.0,1,0,0
1065,2022,8,ferrari,199.0,2,0,0
1065,2022,8,mercedes,161.0,3,0,0
1065,2022,8,mclaren,65.0,4,0,0
1065,2022,8,alpine,47.0,5,0,0
1065,2022,8,alfa-romeo,41.0,6,0,0
1065,2022,8,alphatauri,27.0,7,0,0
1065,2022,8,haas,15.0,8,0,0
1065,2022,8,aston-martin,15.0,9,0,0
1065,2022,8,williams,3.0,10,0,0
1066,2022,9,red-bull,304.0,1,0,0
1066,2022,9,ferrari,228.0,2,0,0
1066,2022,9,mercedes,188.0,3,0,0
1066,2022,9,mclaren,65.0,4,0,0
1066,2022,9,alpine,57.0,5,0,0
1066,2022,9,alfa-romeo,51.0,6,0,0
1066,2022,9,alphatauri,27.0,7,0,0
1066,2022,9,aston-martin,16.0,8,0,0
1066,2022,9,haas,15.0,9,0,0
1066,2022,9,williams,3.0,10,0,0
1067,2022,10,red-bull,328.0,1,0,0
1067,2022,10,ferrari,265.0,2,0,0
1067,2022,10,mercedes,204.0,3,0,0
1067,2022,10,mclaren,73.0,4,0,0
1067,2022,10,alpine,67.0,5,0,0
1067,2022,10,alfa-romeo,51.0,6,0,0
1067,2022,10,alphatauri,27.0,7,0,0
1067,2022,10,haas,20.0,8,0,0
1067,2022,10,aston-martin,18.0,9,0,0
1067,2022,10,williams,3.0,10,0,0
1068,2022,11,red-bull,359.0,1,0,0
1068,2022,11,ferrari,303.0,2,0,0
1068,2022,11,mercedes,237.0,3,0,0
1068,2022,11,mclaren,81.0,4,0,0
1068,2022,11,alpine,81.0,5,0,0
1068,2022,11,alfa-romeo,51.0,6,0,0
1068,2022,11,haas,34.0,7,0,0
1068,2022,11,alphatauri,27.0,8,0,0
1068,2022,11,aston-martin,18.0,9,0,0
1068,2022,11,williams,3.0,10,0,0
1069,2022,12,red-bull,396.0,1,0,0
1069,2022,12,ferrari,314.0,2,0,0
1069,2022,12,mercedes,270.0,3,0,0
1069,2022,12,alpine,93.0,4,0,0
1069,2022,12,mclaren,89.0,5,0,0
1069,2022,12,alfa-romeo,51.0,6,0,0
1069,2022,12,haas,34.0,7,0,0
1069,2022,12,alphatauri,27.0,8,0,0
1069,2022,12,aston-martin,19.0,9,0,0
1069,2022,12,williams,3.0,10,0,0
1070,2022,13,red-bull,431.0,1,0,0
1070,2022,13,ferrari,334.0,2,0,0
1070,2022,13,mercedes,304.0,3,0,0
1070,2022,13,alpine,99.0,4,0,0
1070,2022,13,mclaren,95.0,5,0,0
1070,2022,13,alfa-romeo,51.0,6,0,0
1070,2022,13,haas,34.0,7,0,0
1070,2022,13,alphatauri,27.0,8,0,0
1070,2022,13,aston-martin,20.0,9,0,0
1070,2022,13,williams,3.0,10,0,0
1071,2022,14,red-bull,475.0,1,0,0
1071,2022,14,ferrari,357.0,2,0,0
1071,2022,14,mercedes,316.0,3,0,0
1071,2022,14,alpine,115.0,4,0,0
1071,2022,14,mclaren,95.0,5,0,0
1071,2022,14,alfa-romeo,51.0,6,0,0
1071,2022,14,haas,34.0,7,0,0
1071,2022,14,alphatauri,29.0,8,0,0
1071,2022,14,aston-martin,24.0,9,0,0
1071,2022,14,williams,4.0,10,0,0
1072,2022,15,red-bull,511.0,1,0,0
1072,2022,15,ferrari,376.0,2,0,0
1072,2022,15,mercedes,346.0,3,0,0
1072,2022,15,alpine,125.0,4,0,0
1072,2022,15,mclaren,101.0,5,0,0
1072,2022,15,alfa-romeo,51.0,6,0,0
1072,2022,15,haas,34.0,7,0,0
1072,2022,15,alphatauri,29.0,8,0,0
1072,2022,15,aston-martin,25.0,9,0,0
1072,2022,15,williams,4.0,10,0,0
1073,2022,16,red-bull,545.0,1,0,0
1073,2022,16,ferrari,406.0,2,0,0
1073,2022,16,mercedes,371.0,3,0,0
1073,2022,16,alpine,125.0,4,0,0
1073,2022,16,mclaren,107.0,5,0,0
1073,2022,16,alfa-romeo,52.0,6,0,0
1073,2022,16,haas,34.0,7,0,0
1073,2022,16,alphatauri,33.0,8,0,0
1073,2022,16,aston-martin,25.0,9,0,0
1073,2022,16,williams,6.0,10,0,0
1074,2022,17,red-bull,576.0,1,0,0
1074,2022,17,ferrari,439.0,2,0,0
1074,2022,17,mercedes,373.0,3,0,0
1074,2022,17,mclaren,129.0,4,0,0
1074,2022,17,alpine,125.0,5,0,0
1074,2022,17,alfa-romeo,52.0,6,0,0
1074,2022,17,aston-martin,37.0,7,0,0
1074,2022,17,haas,34.0,8,0,0
1074,2022,17,alphatauri,34.0,9,0,0
1074,2022,17,williams,6.0,10,0,0
1075,2022,18,red-bull,619.0,1,0,0
1075,2022,18,ferrari,454.0,2,0,0
1075,2022,18,mercedes,387.0,3,0,0
1075,2022,18,alpine,143.0,4,0,0
1075,2022,18,mclaren,130.0,5,0,0
1075,2022,18,alfa-romeo,52.0,6,0,0
1075,2022,18,aston-martin,45.0,7,0,0
1075,2022,18,haas,34.0,8,0,0
1075,2022,18,alphatauri,34.0,9,0,0
1075,2022,18,williams,8.0,10,0,0
1076,2022,19,red-bull,656.0,1,1,0
1076,2022,19,ferrari,469.0,2,0,0
1076,2022,19,mercedes,416.0,3,0,0
1076,2022,19,alpine,149.0,4,0,0
1076,2022,19,mclaren,138.0,5,0,0
1076,2022,19,alfa-romeo,52.0,6,0,0
1076,2022,19,aston-martin,49.0,7,0,0
1076,2022,19,haas,36.0,8,0,0
1076,2022,19,alphatauri,35.0,9,0,0
1076,2022,19,williams,8.0,10,0,0
1077,2022,20,red-bull,696.0,1,1,0
1077,2022,20,ferrari,487.0,2,0,0
1077,2022,20,mercedes,447.0,3,0,0
1077,2022,20,alpine,153.0,4,0,0
1077,2022,20,mclaren,146.0,5,0,0
1077,2022,20,alfa-romeo,53.0,6,0,0
1077,2022,20,aston-martin,49.0,7,0,0
1077,2022,20,haas,36.0,8,0,0
1077,2022,20,alphatauri,35.0,9,0,0
1077,2022,20,williams,8.0,10,0,0
1078,2022,21,red-bull,719.0,1,1,0
1078,2022,21,ferrari,524.0,2,0,0
1078,2022,21,mercedes,505.0,3,0,0
1078,2022,21,alpine,167.0,4,0,0
1078,2022,21,mclaren,148.0,5,0,0
1078,2022,21,alfa-romeo,55.0,6,0,0
1078,2022,21,aston-martin,50.0,7,0,0
1078,2022,21,haas,37.0,8,0,0
1078,2022,21,alphatauri,35.0,9,0,0
1078,2022,21,williams,8.0,10,0,0
1079,2022,22,red-bull,759.0,1,1,1
1079,2022,22,ferrari,554.0,2,0,1
1079,2022,22,mercedes,515.0,3,0,1
1079,2022,22,alpine,173.0,4,0,1
1079,2022,22,mclaren,159.0,5,0,1
1079,2022,22,alfa-romeo,55.0,6,0,1
1079,2022,22,aston-martin,55.0,7,0,1
1079,2022,22,haas,37.0,8,0,1
1079,2022,22,alphatauri,35.0,9,0,1
1079,2022,22,williams,8.0,10,0,1
1080,2023,1,red-bull,43.0,1,0,0
1080,2023,1,aston-martin,23.0,2,0,0
1080,2023,1,mercedes,16.0,3,0,0
1080,2023,1,ferrari,12.0,4,0,0
1080,2023,1,alfa-romeo,4.0,5,0,0
1080,2023,1,alpine,2.0,6,0,0
1080,2023,1,williams,1.0,7,0,0
1080,2023,1,alphatauri,0,8,0,0
1080,2023,1,haas,0,9,0,0
1080,2023,1,mclaren,0,10,0,0
1081,2023,2,red-bull,87.0,1,0,0
1081,2023,2,aston-martin,38.0,2,0,0
1081,2023,2,mercedes,38.0,3,0,0
1081,2023,2,ferrari,26.0,4,0,0
1081,2023,2,alpine,8.0,5,0,0
1081,2023,2,alfa-romeo,4.0,6,0,0
1081,2023,2,haas,1.0,7,0,0
1081,2023,2,williams,1.0,8,0,0
1081,2023,2,alphatauri,0,9,0,0
1081,2023,2,mclaren,0,10,0,0
1082,2023,3,red-bull,123.0,1,0,0
1082,2023,3,aston-martin,65.0,2,0,0
1082,2023,3,mercedes,56.0,3,0,0
1082,2023,3,ferrari,26.0,4,0,0
1082,2023,3,mclaren,12.0,5,0,0
1082,2023,3,alpine,8.0,6,0,0
1082,2023,3,haas,7.0,7,0,0
1082,2023,3,alfa-romeo,6.0,8,0,0
1082,2023,3,alphatauri,1.0,9,0,0
1082,2023,3,williams,1.0,10,0,0
1083,2023,4,red-bull,180.0,1,0,0
1083,2023,4,aston-martin,87.0,2,0,0
1083,2023,4,mercedes,76.0,3,0,0
1083,2023,4,ferrari,62.0,4,0,0
1083,2023,4,mclaren,14.0,5,0,0
1083,2023,4,alpine,8.0,6,0,0
1083,2023,4,haas,7.0,7,0,0
1083,2023,4,alfa-romeo,6.0,8,0,0
1083,2023,4,alphatauri,2.0,9,0,0
1083,2023,4,williams,1.0,10,0,0
1084,2023,5,red-bull,224.0,1,0,0
1084,2023,5,aston-martin,102.0,2,0,0
1084,2023,5,mercedes,96.0,3,0,0
1084,2023,5,ferrari,78.0,4,0,0
1084,2023,5,mclaren,14.0,5,0,0
1084,2023,5,alpine,14.0,6,0,0
1084,2023,5,haas,8.0,7,0,0
1084,2023,5,alfa-romeo,6.0,8,0,0
1084,2023,5,alphatauri,2.0,9,0,0
1084,2023,5,williams,1.0,10,0,0
1085,2023,6,red-bull,249.0,1,0,0
1085,2023,6,aston-martin,120.0,2,0,0
1085,2023,6,mercedes,119.0,3,0,0
1085,2023,6,ferrari,90.0,4,0,0
1085,2023,6,alpine,35.0,5,0,0
1085,2023,6,mclaren,17.0,6,0,0
1085,2023,6,haas,8.0,7,0,0
1085,2023,6,alfa-romeo,6.0,8,0,0
1085,2023,6,alphatauri,2.0,9,0,0
1085,2023,6,williams,1.0,10,0,0
1086,2023,7,red-bull,287.0,1,0,0
1086,2023,7,mercedes,152.0,2,0,0
1086,2023,7,aston-martin,134.0,3,0,0
1086,2023,7,ferrari,100.0,4,0,0
1086,2023,7,alpine,40.0,5,0,0
1086,2023,7,mclaren,17.0,6,0,0
1086,2023,7,haas,8.0,7,0,0
1086,2023,7,alfa-romeo,8.0,8,0,0
1086,2023,7,alphatauri,2.0,9,0,0
1086,2023,7,williams,1.0,10,0,0
1087,2023,8,red-bull,321.0,1,0,0
1087,2023,8,mercedes,167.0,2,0,0
1087,2023,8,aston-martin,154.0,3,0,0
1087,2023,8,ferrari,122.0,4,0,0
1087,2023,8,alpine,44.0,5,0,0
1087,2023,8,mclaren,17.0,6,0,0
1087,2023,8,alfa-romeo,9.0,7,0,0
1087,2023,8,haas,8.0,8,0,0
1087,2023,8,williams,7.0,9,0,0
1087,2023,8,alphatauri,2.0,10,0,0
1088,2023,9,red-bull,377.0,1,0,0
1088,2023,9,mercedes,178.0,2,0,0
1088,2023,9,aston-martin,175.0,3,0,0
1088,2023,9,ferrari,154.0,4,0,0
1088,2023,9,alpine,47.0,5,0,0
1088,2023,9,mclaren,29.0,6,0,0
1088,2023,9,haas,11.0,7,0,0
1088,2023,9,alfa-romeo,9.0,8,0,0
1088,2023,9,williams,7.0,9,0,0
1088,2023,9,alphatauri,2.0,10,0,0
1089,2023,10,red-bull,411.0,1,0,0
1089,2023,10,mercedes,203.0,2,0,0
1089,2023,10,aston-martin,181.0,3,0,0
1089,2023,10,ferrari,157.0,4,0,0
1089,2023,10,mclaren,59.0,5,0,0
1089,2023,10,alpine,47.0,6,0,0
1089,2023,10,williams,11.0,7,0,0
1089,2023,10,haas,11.0,8,0,0
1089,2023,10,alfa-romeo,9.0,9,0,0
1089,2023,10,alphatauri,2.0,10,0,0
1090,2023,11,red-bull,452.0,1,0,0
1090,2023,11,mercedes,223.0,2,0,0
1090,2023,11,aston-martin,184.0,3,0,0
1090,2023,11,ferrari,167.0,4,0,0
1090,2023,11,mclaren,87.0,5,0,0
1090,2023,11,alpine,47.0,6,0,0
1090,2023,11,williams,11.0,7,0,0
1090,2023,11,haas,11.0,8,0,0
1090,2023,11,alfa-romeo,9.0,9,0,0
1090,2023,11,alphatauri,2.0,10,0,0
1091,2023,12,red-bull,503.0,1,0,0
1091,2023,12,mercedes,247.0,2,0,0
1091,2023,12,aston-martin,196.0,3,0,0
1091,2023,12,ferrari,191.0,4,0,0
1091,2023,12,mclaren,103.0,5,0,0
1091,2023,12,alpine,57.0,6,0,0
1091,2023,12,williams,11.0,7,0,0
1091,2023,12,haas,11.0,8,0,0
1091,2023,12,alfa-romeo,9.0,9,0,0
1091,2023,12,alphatauri,3.0,10,0,0
1092,2023,13,red-bull,540.0,1,0,0
1092,2023,13,mercedes,255.0,2,0,0
1092,2023,13,aston-martin,215.0,3,0,0
1092,2023,13,ferrari,201.0,4,0,0
1092,2023,13,mclaren,111.0,5,0,0
1092,2023,13,alpine,73.0,6,0,0
1092,2023,13,williams,15.0,7,0,0
1092,2023,13,haas,11.0,8,0,0
1092,2023,13,alfa-romeo,9.0,9,0,0
1092,2023,13,alphatauri,3.0,10,0,0
1093,2023,14,red-bull,583.0,1,0,0
1093,2023,14,mercedes,273.0,2,0,0
1093,2023,14,ferrari,228.0,3,0,0
1093,2023,14,aston-martin,217.0,4,0,0
1093,2023,14,mclaren,115.0,5,0,0
1093,2023,14,alpine,73.0,6,0,0
1093,2023,14,williams,21.0,7,0,0
1093,2023,14,haas,11.0,8,0,0
1093,2023,14,alfa-romeo,10.0,9,0,0
1093,2023,14,alphatauri,3.0,10,0,0
1094,2023,15,red-bull,597.0,1,0,0
1094,2023,15,mercedes,289.0,2,0,0
1094,2023,15,ferrari,265.0,3,0,0
1094,2023,15,aston-martin,217.0,4,0,0
1094,2023,15,mclaren,139.0,5,0,0
1094,2023,15,alpine,81.0,6,0,0
1094,2023,15,williams,21.0,7,0,0
1094,2023,15,haas,12.0,8,0,0
1094,2023,15,alfa-romeo,10.0,9,0,0
1094,2023,15,alphatauri,5.0,10,0,0
1095,2023,16,red-bull,623.0,1,1,0
1095,2023,16,mercedes,305.0,2,0,0
1095,2023,16,ferrari,285.0,3,0,0
1095,2023,16,aston-martin,221.0,4,0,0
1095,2023,16,mclaren,172.0,5,0,0
1095,2023,16,alpine,84.0,6,0,0
1095,2023,16,williams,21.0,7,0,0
1095,2023,16,haas,12.0,8,0,0
1095,2023,16,alfa-romeo,10.0,9,0,0
1095,2023,16,alphatauri,5.0,10,0,0
1096,2023,17,red-bull,657.0,1,1,0
1096,2023,17,mercedes,326.0,2,0,0
1096,2023,17,ferrari,298.0,3,0,0
1096,2023,17,aston-martin,230.0,4,0,0
1096,2023,17,mclaren,219.0,5,0,0
1096,2023,17,alpine,90.0,6,0,0
1096,2023,17,williams,23.0,7,0,0
1096,2023,17,alfa-romeo,16.0,8,0,0
1096,2023,17,haas,12.0,9,0,0
1096,2023,17,alphatauri,5.0,10,0,0
1097,2023,18,red-bull,706.0,1,1,0
1097,2023,18,mercedes,344.0,2,0,0
1097,2023,18,ferrari,322.0,3,0,0
1097,2023,18,mclaren,242.0,4,0,0
1097,2023,18,aston-martin,236.0,5,0,0
1097,2023,18,alpine,100.0,6,0,0
1097,2023,18,williams,26.0,7,0,0
1097,2023,18,alfa-romeo,16.0,8,0,0
1097,2023,18,haas,12.0,9,0,0
1097,2023,18,alphatauri,10.0,10,0,0
1098,2023,19,red-bull,731.0,1,1,0
1098,2023,19,mercedes,371.0,2,0,0
1098,2023,19,ferrari,349.0,3,0,0
1098,2023,19,mclaren,256.0,4,0,0
1098,2023,19,aston-martin,236.0,5,0,0
1098,2023,19,alpine,101.0,6,0,0
1098,2023,19,williams,28.0,7,0,0
1098,2023,19,alphatauri,16.0,8,0,0
1098,2023,19,alfa-romeo,16.0,9,0,0
1098,2023,19,haas,12.0,10,0,0
1099,2023,20,red-bull,782.0,1,1,0
1099,2023,20,mercedes,382.0,2,0,0
1099,2023,20,ferrari,362.0,3,0,0
1099,2023,20,mclaren,282.0,4,0,0
1099,2023,20,aston-martin,261.0,5,0,0
1099,2023,20,alpine,108.0,6,0,0
1099,2023,20,williams,28.0,7,0,0
1099,2023,20,alphatauri,21.0,8,0,0
1099,2023,20,alfa-romeo,16.0,9,0,0
1099,2023,20,haas,12.0,10,0,0
1100,2023,21,red-bull,822.0,1,1,0
1100,2023,21,mercedes,392.0,2,0,0
1100,2023,21,ferrari,388.0,3,0,0
1100,2023,21,mclaren,284.0,4,0,0
1100,2023,21,aston-martin,273.0,5,0,0
1100,2023,21,alpine,120.0,6,0,0
1100,2023,21,williams,28.0,7,0,0
1100,2023,21,alphatauri,21.0,8,0,0
1100,2023,21,alfa-romeo,16.0,9,0,0
1100,2023,21,haas,12.0,10,0,0
1101,2023,22,red-bull,860.0,1,1,1
1101,2023,22,mercedes,409.0,2,0,1
1101,2023,22,ferrari,406.0,3,0,1
1101,2023,22,mclaren,302.0,4,0,1
1101,2023,22,aston-martin,280.0,5,0,1
1101,2023,22,alpine,120.0,6,0,1
1101,2023,22,williams,28.0,7,0,1
1101,2023,22,alphatauri,25.0,8,0,1
1101,2023,22,alfa-romeo,16.0,9,0,1
1101,2023,22,haas,12.0,10,0,1
1102,2024,1,red-bull,44.0,1,0,0
1102,2024,1,ferrari,27.0,2,0,0
1102,2024,1,mercedes,16.0,3,0,0
1102,2024,1,mclaren,12.0,4,0,0
1102,2024,1,aston-martin,3.0,5,0,0
1102,2024,1,kick-sauber,0,6,0,0
1102,2024,1,haas,0,7,0,0
1102,2024,1,rb,0,8,0,0
1102,2024,1,williams,0,9,0,0
1102,2024,1,alpine,0,10,0,0
1103,2024,2,red-bull,87.0,1,0,0
1103,2024,2,ferrari,49.0,2,0,0
1103,2024,2,mclaren,28.0,3,0,0
1103,2024,2,mercedes,26.0,4,0,0
1103,2024,2,aston-martin,13.0,5,0,0
1103,2024,2,haas,1.0,6,0,0
1103,2024,2,williams,0,7,0,0
1103,2024,2,kick-sauber,0,8,0,0
1103,2024,2,rb,0,9,0,0
1103,2024,2,alpine,0,10,0,0
1104,2024,3,red-bull,97.0,1,0,0
1104,2024,3,ferrari,93.0,2,0,0
1104,2024,3,mclaren,55.0,3,0,0
1104,2024,3,mercedes,26.0,4,0,0
1104,2024,3,aston-martin,25.0,5,0,0
1104,2024,3,rb,6.0,6,0,0
1104,2024,3,haas,4.0,7,0,0
1104,2024,3,williams,0,8,0,0
1104,2024,3,kick-sauber,0,9,0,0
1104,2024,3,alpine,0,10,0,0
1105,2024,4,red-bull,141.0,1,0,0
1105,2024,4,ferrari,120.0,2,0,0
1105,2024,4,mclaren,69.0,3,0,0
1105,2024,4,mercedes,34.0,4,0,0
1105,2024,4,aston-martin,33.0,5,0,0
1105,2024,4,rb,7.0,6,0,0
1105,2024,4,haas,4.0,7,0,0
1105,2024,4,williams,0,8,0,0
1105,2024,4,kick-sauber,0,9,0,0
1105,2024,4,alpine,0,10,0,0
1106,2024,5,red-bull,195.0,1,0,0
1106,2024,5,ferrari,151.0,2,0,0
1106,2024,5,mclaren,96.0,3,0,0
1106,2024,5,mercedes,52.0,4,0,0
1106,2024,5,aston-martin,40.0,5,0,0
1106,2024,5,rb,7.0,6,0,0
1106,2024,5,haas,5.0,7,0,0
1106,2024,5,williams,0,8,0,0
1106,2024,5,alpine,0,9,0,0
1106,2024,5,kick-sauber,0,10,0,0
1107,2024,6,red-bull,239.0,1,0,0
1107,2024,6,ferrari,187.0,2,0,0
1107,2024,6,mclaren,124.0,3,0,0
1107,2024,6,mercedes,64.0,4,0,0
1107,2024,6,aston-martin,42.0,5,0,0
1107,2024,6,rb,19.0,6,0,0
1107,2024,6,haas,7.0,7,0,0
1107,2024,6,alpine,1.0,8,0,0
1107,2024,6,williams,0,9,0,0
1107,2024,6,kick-sauber,0,10,0,0
1108,2024,7,red-bull,268.0,1,0,0
1108,2024,7,ferrari,212.0,2,0,0
1108,2024,7,mclaren,154.0,3,0,0
1108,2024,7,mercedes,79.0,4,0,0
1108,2024,7,aston-martin,44.0,5,0,0
1108,2024,7,rb,20.0,6,0,0
1108,2024,7,haas,7.0,7,0,0
1108,2024,7,alpine,1.0,8,0,0
1108,2024,7,williams,0,9,0,0
1108,2024,7,kick-sauber,0,10,0,0
1109,2024,8,red-bull,276.0,1,0,0
1109,2024,8,ferrari,252.0,2,0,0
1109,2024,8,mclaren,184.0,3,0,0
1109,2024,8,mercedes,96.0,4,0,0
1109,2024,8,aston-martin,44.0,5,0,0
1109,2024,8,rb,24.0,6,0,0
1109,2024,8,haas,7.0,7,0,0
1109,2024,8,williams,2.0,8,0,0
1109,2024,8,alpine,2.0,9,0,0
1109,2024,8,kick-sauber,0,10,0,0
1110,2024,9,red-bull,301.0,1,0,0
1110,2024,9,ferrari,252.0,2,0,0
1110,2024,9,mclaren,212.0,3,0,0
1110,2024,9,mercedes,124.0,4,0,0
1110,2024,9,aston-martin,58.0,5,0,0
1110,2024,9,rb,28.0,6,0,0
1110,2024,9,haas,7.0,7,0,0
1110,2024,9,alpine,5.0,8,0,0
1110,2024,9,williams,2.0,9,0,0
1110,2024,9,kick-sauber,0,10,0,0
1111,2024,10,red-bull,330.0,1,0,0
1111,2024,10,ferrari,270.0,2,0,0
1111,2024,10,mclaren,237.0,3,0,0
1111,2024,10,mercedes,151.0,4,0,0
1111,2024,10,aston-martin,58.0,5,0,0
1111,2024,10,rb,28.0,6,0,0
1111,2024,10,alpine,8.0,7,0,0
1111,2024,10,haas,7.0,8,0,0
1111,2024,10,williams,2.0,9,0,0
1111,2024,10,kick-sauber,0,10,0,0
1112,2024,11,red-bull,355.0,1,0,0
1112,2024,11,ferrari,291.0,2,0,0
1112,2024,11,mclaren,268.0,3,0,0
1112,2024,11,mercedes,196.0,4,0,0
1112,2024,11,aston-martin,58.0,5,0,0
1112,2024,11,rb,30.0,6,0,0
1112,2024,11,haas,19.0,7,0,0
1112,2024,11,alpine,9.0,8,0,0
1112,2024,11,williams,2.0,9,0,0
1112,2024,11,kick-sauber,0,10,0,0
1113,2024,12,red-bull,373.0,1,0,0
1113,2024,12,ferrari,302.0,2,0,0
1113,2024,12,mclaren,295.0,3,0,0
1113,2024,12,mercedes,221.0,4,0,0
1113,2024,12,aston-martin,68.0,5,0,0
1113,2024,12,rb,31.0,6,0,0
1113,2024,12,haas,27.0,7,0,0
1113,2024,12,alpine,9.0,8,0,0
1113,2024,12,williams,4.0,9,0,0
1113,2024,12,kick-sauber,0,10,0,0
1114,2024,13,red-bull,389.0,1,0,0
1114,2024,13,mclaren,338.0,2,0,0
1114,2024,13,ferrari,322.0,3,0,0
1114,2024,13,mercedes,241.0,4,0,0
1114,2024,13,aston-martin,69.0,5,0,0
1114,2024,13,rb,33.0,6,0,0
1114,2024,13,haas,27.0,7,0,0
1114,2024,13,alpine,9.0,8,0,0
1114,2024,13,williams,4.0,9,0,0
1114,2024,13,kick-sauber,0,10,0,0
1115,2024,14,red-bull,408.0,1,0,0
1115,2024,14,mclaren,366.0,2,0,0
1115,2024,14,ferrari,345.0,3,0,0
1115,2024,14,mercedes,266.0,4,0,0
1115,2024,14,aston-martin,73.0,5,0,0
1115,2024,14,rb,34.0,6,0,0
1115,2024,14,haas,27.0,7,0,0
1115,2024,14,alpine,11.0,8,0,0
1115,2024,14,williams,4.0,9,0,0
1115,2024,14,kick-sauber,0,10,0,0
1116,2024,15,red-bull,434.0,1,0,0
1116,2024,15,mclaren,404.0,2,0,0
1116,2024,15,ferrari,370.0,3,0,0
1116,2024,15,mercedes,276.0,4,0,0
1116,2024,15,aston-martin,74.0,5,0,0
1116,2024,15,rb,34.0,6,0,0
1116,2024,15,haas,27.0,7,0,0
1116,2024,15,alpine,13.0,8,0,0
1116,2024,15,williams,4.0,9,0,0
1116,2024,15,kick-sauber,0,10,0,0
1117,2024,16,red-bull,446.0,1,0,0
1117,2024,16,mclaren,438.0,2,0,0
1117,2024,16,ferrari,407.0,3,0,0
1117,2024,16,mercedes,292.0,4,0,0
1117,2024,16,aston-martin,74.0,5,0,0
1117,2024,16,rb,34.0,6,0,0
1117,2024,16,haas,28.0,7,0,0
1117,2024,16,alpine,13.0,8,0,0
1117,2024,16,williams,6.0,9,0,0
1117,2024,16,kick-sauber,0,10,0,0
1118,2024,17,mclaren,476.0,1,0,0
1118,2024,17,red-bull,456.0,2,0,0
1118,2024,17,ferrari,425.0,3,0,0
1118,2024,17,mercedes,309.0,4,0,0
1118,2024,17,aston-martin,82.0,5,0,0
1118,2024,17,rb,34.0,6,0,0
1118,2024,17,haas,29.0,7,0,0
1118,2024,17,williams,16.0,8,0,0
1118,2024,17,alpine,13.0,9,0,0
1118,2024,17,kick-sauber,0,10,0,0
1119,2024,18,mclaren,516.0,1,0,0
1119,2024,18,red-bull,475.0,2,0,0
1119,2024,18,ferrari,441.0,3,0,0
1119,2024,18,mercedes,329.0,4,0,0
1119,2024,18,aston-martin,86.0,5,0,0
1119,2024,18,rb,34.0,6,0,0
1119,2024,18,haas,31.0,7,0,0
1119,2024,18,williams,16.0,8,0,0
1119,2024,18,alpine,13.0,9,0,0
1119,2024,18,kick-sauber,0,10,0,0
1120,2024,19,mclaren,544.0,1,0,0
1120,2024,19,red-bull,504.0,2,0,0
1120,2024,19,ferrari,496.0,3,0,0
1120,2024,19,mercedes,344.0,4,0,0
1120,2024,19,aston-martin,86.0,5,0,0
1120,2024,19,haas,38.0,6,0,0
1120,2024,19,rb,36.0,7,0,0
1120,2024,19,williams,17.0,8,0,0
1120,2024,19,alpine,13.0,9,0,0
1120,2024,19,kick-sauber,0,10,0,0
1121,2024,20,mclaren,566.0,1,0,0
1121,2024,20,ferrari,537.0,2,0,0
1121,2024,20,red-bull,512.0,3,0,0
1121,2024,20,mercedes,366.0,4,0,0
1121,2024,20,aston-martin,86.0,5,0,0
1121,2024,20,haas,46.0,6,0,0
1121,2024,20,rb,36.0,7,0,0
1121,2024,20,williams,17.0,8,0,0
1121,2024,20,alpine,14.0,9,0,0
1121,2024,20,kick-sauber,0,10,0,0
1122,2024,21,mclaren,593.0,1,0,0
1122,2024,21,ferrari,557.0,2,0,0
1122,2024,21,red-bull,544.0,3,0,0
1122,2024,21,mercedes,382.0,4,0,0
1122,2024,21,aston-martin,86.0,5,0,0
1122,2024,21,alpine,49.0,6,0,0
1122,2024,21,haas,46.0,7,0,0
1122,2024,21,rb,44.0,8,0,0
1122,2024,21,williams,17.0,9,0,0
1122,2024,21,kick-sauber,0,10,0,0
1123,2024,22,mclaren,608.0,1,0,0
1123,2024,22,ferrari,584.0,2,0,0
1123,2024,22,red-bull,555.0,3,0,0
1123,2024,22,mercedes,425.0,4,0,0
1123,2024,22,aston-martin,86.0,5,0,0
1123,2024,22,haas,50.0,6,0,0
1123,2024,22,alpine,49.0,7,0,0
1123,2024,22,rb,46.0,8,0,0
1123,2024,22,williams,17.0,9,0,0
1123,2024,22,kick-sauber,0,10,0,0
1124,2024,23,mclaren,640.0,1,0,0
1124,2024,23,ferrari,619.0,2,0,0
1124,2024,23,red-bull,581.0,3,0,0
1124,2024,23,mercedes,446.0,4,0,0
1124,2024,23,aston-martin,92.0,5,0,0
1124,2024,23,alpine,59.0,6,0,0
1124,2024,23,haas,54.0,7,0,0
1124,2024,23,rb,46.0,8,0,0
1124,2024,23,williams,17.0,9,0,0
1124,2024,23,kick-sauber,4.0,10,0,0
1125,2024,24,mclaren,666.0,1,1,1
1125,2024,24,ferrari,652.0,2,0,1
1125,2024,24,red-bull,589.0,3,0,1
1125,2024,24,mercedes,468.0,4,0,1
1125,2024,24,aston-martin,94.0,5,0,1
1125,2024,24,alpine,65.0,6,0,1
1125,2024,24,haas,58.0,7,0,1
1125,2024,24,rb,46.0,8,0,1
1125,2024,24,williams,17.0,9,0,1
1125,2024,24,kick-sauber,4.0,10,0,1
1126,2025,1,mclaren,27.0,1,0,0
1126,2025,1,mercedes,27.0,2,0,0
1126,2025,1,red-bull,18.0,3,0,0
1126,2025,1,williams,10.0,4,0,0
1126,2025,1,aston-martin,8.0,5,0,0
1126,2025,1,kick-sauber,6.0,6,0,0
1126,2025,1,ferrari,5.0,7,0,0
1126,2025,1,alpine,0,8,0,0
1126,2025,1,racing-bulls,0,9,0,0
1126,2025,1,haas,0,10,0,0
1127,2025,2,mclaren,78.0,1,0,0
1127,2025,2,mercedes,57.0,2,0,0
1127,2025,2,red-bull,36.0,3,0,0
1127,2025,2,williams,17.0,4,0,0
1127,2025,2,ferrari,17.0,5,0,0
1127,2025,2,haas,14.0,6,0,0
1127,2025,2,aston-martin,10.0,7,0,0
1127,2025,2,kick-sauber,6.0,8,0,0
1127,2025,2,racing-bulls,3.0,9,0,0
1127,2025,2,alpine,0,10,0,0
1128,2025,3,mclaren,111.0,1,0,0
1128,2025,3,mercedes,75.0,2,0,0
1128,2025,3,red-bull,61.0,3,0,0
1128,2025,3,ferrari,35.0,4,0,0
1128,2025,3,williams,19.0,5,0,0
1128,2025,3,haas,15.0,6,0,0
1128,2025,3,aston-martin,10.0,7,0,0
1128,2025,3,racing-bulls,7.0,8,0,0
1128,2025,3,kick-sauber,6.0,9,0,0
1128,2025,3,alpine,0,10,0,0
1129,2025,4,mclaren,151.0,1,0,0
1129,2025,4,mercedes,93.0,2,0,0
1129,2025,4,red-bull,71.0,3,0,0
1129,2025,4,ferrari,57.0,4,0,0
1129,2025,4,haas,20.0,5,0,0
1129,2025,4,williams,19.0,6,0,0
1129,2025,4,aston-martin,10.0,7,0,0
1129,2025,4,racing-bulls,7.0,8,0,0
1129,2025,4,alpine,6.0,9,0,0
1129,2025,4,kick-sauber,6.0,10,0,0
1130,2025,5,mclaren,188.0,1,0,0
1130,2025,5,mercedes,111.0,2,0,0
1130,2025,5,red-bull,89.0,3,0,0
1130,2025,5,ferrari,78.0,4,0,0
1130,2025,5,williams,25.0,5,0,0
1130,2025,5,haas,20.0,6,0,0
1130,2025,5,aston-martin,10.0,7,0,0
1130,2025,5,racing-bulls,8.0,8,0,0
1130,2025,5,alpine,6.0,9,0,0
1130,2025,5,kick-sauber,6.0,10,0,0
1131,2025,6,mclaren,246.0,1,0,0
1131,2025,6,mercedes,141.0,2,0,0
1131,2025,6,red-bull,105.0,3,0,0
1131,2025,6,ferrari,94.0,4,0,0
1131,2025,6,williams,37.0,5,0,0
1131,2025,6,haas,20.0,6,0,0
1131,2025,6,aston-martin,14.0,7,0,0
1131,2025,6,racing-bulls,8.0,8,0,0
1131,2025,6,alpine,7.0,9,0,0
1131,2025,6,kick-sauber,6.0,10,0,0
1132,2025,7,mclaren,279.0,1,0,0
1132,2025,7,mercedes,147.0,2,0,0
1132,2025,7,red-bull,131.0,3,0,0
1132,2025,7,ferrari,114.0,4,0,0
1132,2025,7,williams,51.0,5,0,0
1132,2025,7,haas,20.0,6,0,0
1132,2025,7,aston-martin,14.0,7,0,0
1132,2025,7,racing-bulls,10.0,8,0,0
1132,2025,7,alpine,7.0,9,0,0
1132,2025,7,kick-sauber,6.0,10,0,0
1133,2025,8,mclaren,319.0,1,0,0
1133,2025,8,mercedes,147.0,2,0,0
1133,2025,8,red-bull,143.0,3,0,0
1133,2025,8,ferrari,142.0,4,0,0
1133,2025,8,williams,54.0,5,0,0
1133,2025,8,haas,26.0,6,0,0
1133,2025,8,racing-bulls,22.0,7,0,0
1133,2025,8,aston-martin,14.0,8,0,0
1133,2025,8,alpine,7.0,9,0,0
1133,2025,8,kick-sauber,6.0,10,0,0
1134,2025,9,mclaren,362.0,1,0,0
1134,2025,9,ferrari,165.0,2,0,0
1134,2025,9,mercedes,159.0,3,0,0
1134,2025,9,red-bull,144.0,4,0,0
1134,2025,9,williams,54.0,5,0,0
1134,2025,9,racing-bulls,28.0,6,0,0
1134,2025,9,haas,26.0,7,0,0
1134,2025,9,kick-sauber,16.0,8,0,0
1134,2025,9,aston-martin,16.0,9,0,0
1134,2025,9,alpine,11.0,10,0,0
1135,2025,10,mclaren,374.0,1,0,0
1135,2025,10,mercedes,199.0,2,0,0
1135,2025,10,ferrari,183.0,3,0,0
1135,2025,10,red-bull,162.0,4,0,0
1135,2025,10,williams,55.0,5,0,0
1135,2025,10,haas,28.0,6,0,0
1135,2025,10,racing-bulls,28.0,7,0,0
1135,2025,10,aston-martin,22.0,8,0,0
1135,2025,10,kick-sauber,20.0,9,0,0
1135,2025,10,alpine,11.0,10,0,0
1136,2025,11,mclaren,417.0,1,0,0
1136,2025,11,ferrari,210.0,2,0,0
1136,2025,11,mercedes,209.0,3,0,0
1136,2025,11,red-bull,162.0,4,0,0
1136,2025,11,williams,55.0,5,0,0
1136,2025,11,racing-bulls,36.0,6,0,0
1136,2025,11,haas,29.0,7,0,0
1136,2025,11,aston-martin,28.0,8,0,0
1136,2025,11,kick-sauber,26.0,9,0,0
1136,2025,11,alpine,11.0,10,0,0
1137,2025,12,mclaren,460.0,1,0,0
1137,2025,12,ferrari,222.0,2,0,0
1137,2025,12,mercedes,210.0,3,0,0
1137,2025,12,red-bull,172.0,4,0,0
1137,2025,12,williams,59.0,5,0,0
1137,2025,12,kick-sauber,41.0,6,0,0
1137,2025,12,racing-bulls,36.0,7,0,0
1137,2025,12,aston-martin,36.0,8,0,0
1137,2025,12,haas,29.0,9,0,0
1137,2025,12,alpine,19.0,10,0,0
1138,2025,13,mclaren,516.0,1,0,0
1138,2025,13,ferrari,248.0,2,0,0
1138,2025,13,mercedes,220.0,3,0,0
1138,2025,13,red-bull,192.0,4,0,0
1138,2025,13,williams,70.0,5,0,0
1138,2025,13,kick-sauber,43.0,6,0,0
1138,2025,13,racing-bulls,41.0,7,0,0
1138,2025,13,aston-martin,36.0,8,0,0
1138,2025,13,haas,35.0,9,0,0
1138,2025,13,alpine,20.0,10,0,0
1139,2025,14,mclaren,559.0,1,0,0
1139,2025,14,ferrari,260.0,2,0,0
1139,2025,14,mercedes,236.0,3,0,0
1139,2025,14,red-bull,194.0,4,0,0
1139,2025,14,williams,70.0,5,0,0
1139,2025,14,aston-martin,52.0,6,0,0
1139,2025,14,kick-sauber,51.0,7,0,0
1139,2025,14,racing-bulls,45.0,8,0,0
1139,2025,14,haas,35.0,9,0,0
1139,2025,14,alpine,20.0,10,0,0
1140,2025,15,mclaren,584.0,1,0,0
1140,2025,15,ferrari,260.0,2,0,0
1140,2025,15,mercedes,248.0,3,0,0
1140,2025,15,red-bull,214.0,4,0,0
1140,2025,15,williams,80.0,5,0,0
1140,2025,15,aston-martin,62.0,6,0,0
1140,2025,15,racing-bulls,60.0,7,0,0
1140,2025,15,kick-sauber,51.0,8,0,0
1140,2025,15,haas,44.0,9,0,0
1140,2025,15,alpine,20.0,10,0,0
1141,2025,16,mclaren,617.0,1,0,0
1141,2025,16,ferrari,280.0,2,0,0
1141,2025,16,mercedes,260.0,3,0,0
1141,2025,16,red-bull,239.0,4,0,0
1141,2025,16,williams,86.0,5,0,0
1141,2025,16,aston-martin,62.0,6,0,0
1141,2025,16,racing-bulls,61.0,7,0,0
1141,2025,16,kick-sauber,55.0,8,0,0
1141,2025,16,haas,44.0,9,0,0
1141,2025,16,alpine,20.0,10,0,0
1142,2025,17,mclaren,623.0,1,0,0
1142,2025,17,mercedes,290.0,2,0,0
1142,2025,17,ferrari,286.0,3,0,0
1142,2025,17,red-bull,272.0,4,0,0
1142,2025,17,williams,101.0,5,0,0
1142,2025,17,racing-bulls,72.0,6,0,0
1142,2025,17,aston-martin,62.0,7,0,0
1142,2025,17,kick-sauber,55.0,8,0,0
1142,2025,17,haas,44.0,9,0,0
1142,2025,17,alpine,20.0,10,0,0
1143,2025,18,mclaren,650.0,1,1,0
1143,2025,18,mercedes,325.0,2,0,0
1143,2025,18,ferrari,298.0,3,0,0
1143,2025,18,red-bull,290.0,4,0,0
1143,2025,18,williams,102.0,5,0,0
1143,2025,18,racing-bulls,72.0,6,0,0
1143,2025,18,aston-martin,68.0,7,0,0
1143,2025,18,kick-sauber,55.0,8,0,0
1143,2025,18,haas,46.0,9,0,0
1143,2025,18,alpine,20.0,10,0,0
1144,2025,19,mclaren,678.0,1,1,0
1144,2025,19,mercedes,341.0,2,0,0
1144,2025,19,ferrari,334.0,3,0,0
1144,2025,19,red-bull,331.0,4,0,0
1144,2025,19,williams,111.0,5,0,0
1144,2025,19,racing-bulls,72.0,6,0,0
1144,2025,19,aston-martin,69.0,7,0,0
1144,2025,19,kick-sauber,59.0,8,0,0
1144,2025,19,haas,48.0,9,0,0
1144,2025,19,alpine,20.0,10,0,0
1145,2025,20,mclaren,713.0,1,1,0
1145,2025,20,ferrari,356.0,2,0,0
1145,2025,20,mercedes,355.0,3,0,0
1145,2025,20,red-bull,346.0,4,0,0
1145,2025,20,williams,111.0,5,0,0
1145,2025,20,racing-bulls,72.0,6,0,0
1145,2025,20,aston-martin,69.0,7,0,0
1145,2025,20,haas,62.0,8,0,0
1145,2025,20,kick-sauber,60.0,9,0,0
1145,2025,20,alpine,20.0,10,0,0
1146,2025,21,mclaren,756.0,1,1,0
1146,2025,21,mercedes,398.0,2,0,0
1146,2025,21,red-bull,366.0,3,0,0
1146,2025,21,ferrari,362.0,4,0,0
1146,2025,21,williams,111.0,5,0,0
1146,2025,21,racing-bulls,82.0,6,0,0
1146,2025,21,aston-martin,72.0,7,0,0
1146,2025,21,haas,70.0,8,0,0
1146,2025,21,kick-sauber,62.0,9,0,0
1146,2025,21,alpine,22.0,10,0,0
1147,2025,22,mclaren,756.0,1,1,0
1147,2025,22,mercedes,431.0,2,0,0
1147,2025,22,red-bull,391.0,3,0,0
1147,2025,22,ferrari,378.0,4,0,0
1147,2025,22,williams,121.0,5,0,0
1147,2025,22,racing-bulls,90.0,6,0,0
1147,2025,22,haas,73.0,7,0,0
1147,2025,22,aston-martin,72.0,8,0,0
1147,2025,22,kick-sauber,68.0,9,0,0
1147,2025,22,alpine,22.0,10,0,0
1148,2025,23,mclaren,800.0,1,1,0
1148,2025,23,mercedes,459.0,2,0,0
1148,2025,23,red-bull,426.0,3,0,0
1148,2025,23,ferrari,382.0,4,0,0
1148,2025,23,williams,137.0,5,0,0
1148,2025,23,racing-bulls,92.0,6,0,0
1148,2025,23,aston-martin,80.0,7,0,0
1148,2025,23,haas,73.0,8,0,0
1148,2025,23,kick-sauber,68.0,9,0,0
1148,2025,23,alpine,22.0,10,0,0
1149,2025,24,mclaren,833.0,1,1,1
1149,2025,24,mercedes,469.0,2,0,1
1149,2025,24,red-bull,451.0,3,0,1
1149,2025,24,ferrari,398.0,4,0,1
1149,2025,24,williams,137.0,5,0,1
1149,2025,24,racing-bulls,92.0,6,0,1
1149,2025,24,aston-martin,89.0,7,0,1
1149,2025,24,haas,79.0,8,0,1
1149,2025,24,kick-sauber,70.0,9,0,1
1149,2025,24,alpine,22.0,10,0,1
1150,2026,1,mercedes,43.0,1,0,0
1150,2026,1,ferrari,27.0,2,0,0
1150,2026,1,mclaren,10.0,3,0,0
1150,2026,1,red-bull,8.0,4,0,0
1150,2026,1,haas,6.0,5,0,0
1150,2026,1,racing-bulls,4.0,6,0,0
1150,2026,1,audi,2.0,7,0,0
1150,2026,1,alpine,1.0,8,0,0
1150,2026,1,williams,0,9,0,0
1150,2026,1,cadillac,0,10,0,0
1150,2026,1,aston-martin,0,11,0,0
1151,2026,2,mercedes,98.0,1,0,0
1151,2026,2,ferrari,67.0,2,0,0
1151,2026,2,mclaren,18.0,3,0,0
1151,2026,2,haas,17.0,4,0,0
1151,2026,2,red-bull,12.0,5,0,0
1151,2026,2,racing-bulls,12.0,6,0,0
1151,2026,2,alpine,10.0,7,0,0
1151,2026,2,audi,2.0,8,0,0
1151,2026,2,williams,2.0,9,0,0
1151,2026,2,cadillac,0,10,0,0
1151,2026,2,aston-martin,0,11,0,0
1152,2026,3,mercedes,135.0,1,0,0
1152,2026,3,ferrari,90.0,2,0,0
1152,2026,3,mclaren,46.0,3,0,0
1152,2026,3,haas,18.0,4,0,0
1152,2026,3,alpine,16.0,5,0,0
1152,2026,3,red-bull,16.0,6,0,0
1152,2026,3,racing-bulls,14.0,7,0,0
1152,2026,3,audi,2.0,8,0,0
1152,2026,3,williams,2.0,9,0,0
1152,2026,3,cadillac,0,10,0,0
1152,2026,3,aston-martin,0,11,0,0
1153,2026,4,mercedes,180.0,1,0,0
1153,2026,4,ferrari,110.0,2,0,0
1153,2026,4,mclaren,94.0,3,0,0
1153,2026,4,red-bull,30.0,4,0,0
1153,2026,4,alpine,23.0,5,0,0
1153,2026,4,haas,18.0,6,0,0
1153,2026,4,racing-bulls,14.0,7,0,0
1153,2026,4,williams,5.0,8,0,0
1153,2026,4,audi,2.0,9,0,0
1153,2026,4,cadillac,0,10,0,0
1153,2026,4,aston-martin,0,11,0,0
1154,2026,5,mercedes,219.0,1,0,0
1154,2026,5,ferrari,147.0,2,0,0
1154,2026,5,mclaren,106.0,3,0,0
1154,2026,5,red-bull,57.0,4,0,0
1154,2026,5,alpine,35.0,5,0,0
1154,2026,5,racing-bulls,21.0,6,0,0
1154,2026,5,haas,19.0,7,0,0
1154,2026,5,williams,7.0,8,0,0
1154,2026,5,audi,2.0,9,0,0
1154,2026,5,cadillac,0,10,0,0
1154,2026,5,aston-martin,0,11,0,0
1155,2026,6,mercedes,244.0,1,0,0
1155,2026,6,ferrari,165.0,2,0,0
1155,2026,6,mclaren,118.0,3,0,0
1155,2026,6,red-bull,72.0,4,0,0
1155,2026,6,alpine,41.0,5,0,0
1155,2026,6,racing-bulls,39.0,6,0,0
1155,2026,6,haas,21.0,7,0,0
1155,2026,6,williams,11.0,8,0,0
1155,2026,6,audi,2.0,9,0,0
1155,2026,6,aston-martin,1.0,10,0,0
1155,2026,6,cadillac,0,11,0,0
1156,2026,7,mercedes,262.0,1,0,0
1156,2026,7,ferrari,190.0,2,0,0
1156,2026,7,mclaren,143.0,3,0,0
1156,2026,7,red-bull,92.0,4,0,0
1156,2026,7,alpine,48.0,5,0,0
1156,2026,7,racing-bulls,45.0,6,0,0
1156,2026,7,haas,21.0,7,0,0
1156,2026,7,williams,11.0,8,0,0
1156,2026,7,audi,2.0,9,0,0
1156,2026,7,aston-martin,1.0,10,0,0
1156,2026,7,cadillac,0,11,0,0
1157,2026,8,mercedes,302.0,1,0,0
1157,2026,8,ferrari,204.0,2,0,0
1157,2026,8,mclaren,161.0,3,0,0
1157,2026,8,red-bull,118.0,4,0,0
1157,2026,8,racing-bulls,48.0,5,0,0
1157,2026,8,alpine,48.0,6,0,0
1157,2026,8,haas,21.0,7,0,0
1157,2026,8,williams,11.0,8,0,0
1157,2026,8,audi,2.0,9,0,0
1157,2026,8,aston-martin,1.0,10,0,0
1157,2026,8,cadillac,0,11,0,0
1158,2026,9,mercedes,333.0,1,0,0
1158,2026,9,ferrari,255.0,2,0,0
1158,2026,9,mclaren,181.0,3,0,0
1158,2026,9,red-bull,131.0,4,0,0
1158,2026,9,racing-bulls,63.0,5,0,0
1158,2026,9,alpine,51.0,6,0,0
1158,2026,9,haas,21.0,7,0,0
1158,2026,9,williams,11.0,8,0,0
1158,2026,9,audi,6.0,9,0,0
1158,2026,9,aston-martin,1.0,10,0,0
1158,2026,9,cadillac,0,11,0,0
1159,2026,10,mercedes,358.0,1,0,0
1159,2026,10,ferrari,285.0,2,0,0
1159,2026,10,mclaren,197.0,3,0,0
1159,2026,10,red-bull,154.0,4,0,0
1159,2026,10,racing-bulls,65.0,5,0,0
1159,2026,10,alpine,52.0,6,0,0
1159,2026,10,haas,21.0,7,0,0
1159,2026,10,williams,11.0,8,0,0
1159,2026,10,audi,10.0,9,0,0
1159,2026,10,aston-martin,1.0,10,0,0
1159,2026,10,cadillac,0,11,0,0
1160,2026,11,mercedes,379.0,1,0,0
1160,2026,11,ferrari,307.0,2,0,0
1160,2026,11,mclaren,222.0,3,0,0
1160,2026,11,red-bull,180.0,4,0,0
1160,2026,11,racing-bulls,70.0,5,0,0
1160,2026,11,alpine,52.0,6,0,0
1160,2026,11,haas,21.0,7,0,0
1160,2026,11,audi,12.0,8,0,0
1160,2026,11,williams,11.0,9,0,0
1160,2026,11,aston-martin,1.0,10,0,0
1160,2026,11,cadillac,0,11,0,0
1161,2026,12,mercedes,425.0,1,0,0
1161,2026,12,ferrari,338.0,2,0,0
1161,2026,12,mclaren,265.0,3,0,0
1161,2026,12,red-bull,189.0,4,0,0
1161,2026,12,racing-bulls,70.0,5,0,0
1161,2026,12,alpine,54.0,6,0,0
1161,2026,12,haas,21.0,7,0,0
1161,2026,12,audi,16.0,8,0,0
1161,2026,12,williams,11.0,9,0,0
1161,2026,12,aston-martin,3.0,10,0,0
1161,2026,12,cadillac,0,11,0,0
1162,2026,13,mercedes,468.0,1,0,1
1162,2026,13,ferrari,346.0,2,0,1
1162,2026,13,mclaren,287.0,3,0,1
1162,2026,13,red-bull,204.0,4,0,1
1162,2026,13,racing-bulls,75.0,5,0,1
1162,2026,13,alpine,62.0,6,0,1
1162,2026,13,haas,21.0,7,0,1
1162,2026,13,audi,16.0,8,0,1
1162,2026,13,williams,11.0,9,0,1
1162,2026,13,aston-martin,3.0,10,0,1
1162,2026,13,cadillac,0,11,0,1
